Currency:,USD/EUR,USD/GBP,BRL,CNY,DKK,INR,JPY,KRW,MYR,MXN,NOK,SEK,ZAR,SGD,CHF,TWD,THB,VEB,Nominal Broad Dollar Index ,Nominal Major Currencies Dollar Index ,Nominal Other Important Trading Partners Dollar Index ,USD,USD,CAD,HKD,LKR
8/1/2016,1.1176,1.3209,3.265,6.6421,6.6557,66.63,102.26,1106.15,4.0215,18.8325,8.475,8.5701,13.9005,1.3397,0.9671,31.55,34.75,9.975,121.4159,90.2195,154.8339,0.7567,0.7196,1.3096,7.7609,144.76
8/2/2016,1.1225,1.3326,3.2521,6.6239,6.6257,66.65,100.82,1108.35,4.03,18.915,8.4295,8.5105,14.0125,1.3384,0.9643,31.57,34.76,9.975,121.1434,89.7538,154.825,0.7611,0.7235,1.3087,7.7605,145.55
8/3/2016,1.117,1.3335,3.2595,6.632,6.6583,66.8,101.34,1116.21,4.056,18.9005,8.4277,8.5207,13.9645,1.3424,0.9716,31.66,34.96,9.975,121.3934,90.0142,155.0477,0.7592,0.7163,1.3078,7.758,145.5
8/4/2016,1.1134,1.3143,3.2,6.6388,6.6793,66.76,101.08,1111.99,4.049,18.845,8.4283,8.5214,13.68,1.3417,0.9738,31.62,34.89,9.975,121.3385,90.1013,154.8132,0.7637,0.7195,1.3025,7.7566,145.5
8/5/2016,1.108,1.3069,3.1873,6.653,6.7112,66.84,101.74,1114.54,4.025,18.8685,8.4981,8.5634,13.797,1.3469,0.9796,31.54,35.04,9.975,121.7767,90.743,154.9669,0.7615,0.7138,1.3179,7.7551,145.4
8/8/2016,1.1078,1.3042,3.1841,6.6597,6.7129,66.82,102.53,1108.24,4.035,18.5785,8.4772,8.5867,13.6275,1.3481,0.9838,31.45,35.01,9.975,121.5492,90.8446,154.332,0.7656,0.7139,1.3162,7.757,144.62
8/9/2016,1.111,1.301,3.1325,6.653,6.6939,66.76,101.96,1101.45,4.028,18.38,8.3952,8.5314,13.4205,1.3436,0.9826,31.28,34.89,9.975,121.0973,90.5754,153.6709,0.7677,0.7178,1.3116,7.7565,145.25
8/10/2016,1.1171,1.2998,3.1292,6.6345,6.6587,66.72,101.27,1095.84,3.988,18.351,8.2804,8.4686,13.3105,1.34,0.9759,31.05,34.76,9.975,120.6629,90.1335,153.2684,0.7717,0.722,1.3059,7.7562,145.5
8/11/2016,1.1168,1.296,3.1369,6.6274,6.6603,66.75,101.46,1097.39,4.002,18.264,8.2219,8.4306,13.321,1.3429,0.9722,31.25,34.7,9.975,120.52,90.0643,153.0393,0.771,0.7242,1.3004,7.7562,145.2
8/12/2016,1.1172,1.2934,3.1648,6.6324,6.6591,66.82,101.01,1100.79,4.026,18.25,8.1874,8.44,13.5175,1.3456,0.9738,31.38,34.74,9.975,120.5257,89.9113,153.2468,0.7669,0.7215,1.2943,7.7565,145.2
8/15/2016,1.1199,1.2874,3.1717,6.637,6.643,66.85,101.02,1095.83,4.005,18.045,8.2086,8.4542,13.3105,1.3426,0.9714,31.31,34.6,9.975,120.2457,89.8076,152.7567,0.7687,0.7219,1.2922,7.7565,145.1
8/16/2016,1.1277,1.3019,3.1782,6.624,6.5989,66.83,100.28,1093.95,3.983,17.975,8.194,8.4091,13.306,1.339,0.9622,31.26,34.62,9.975,119.7535,89.2087,152.4264,0.7697,0.7266,1.2861,7.7549,145.3
8/17/2016,1.1263,1.3012,3.2273,6.6328,6.6058,66.96,100.24,1114.25,4.01,18.2765,8.2419,8.4384,13.4905,1.3456,0.964,31.53,34.69,9.975,120.3217,89.3355,153.5297,0.7619,0.7219,1.2885,7.7549,144.39
8/18/2016,1.1334,1.3147,3.229,6.6297,6.5659,66.83,100.07,1107.41,3.9925,18.0575,8.1562,8.358,13.35,1.3398,0.9576,31.4,34.55,9.975,119.6884,88.7404,152.8824,0.7684,0.7292,1.2777,7.7528,145.4
8/19/2016,1.1326,1.3061,3.2219,6.6515,6.5699,67.13,100.24,1116.37,4.0105,18.2525,8.2137,8.3781,13.5065,1.3469,0.9594,31.64,34.64,9.975,120.2269,89.0648,153.6667,0.762,0.7268,1.2878,7.753,145.1
8/22/2016,1.1314,1.3133,3.2209,6.6475,6.5786,67.18,100.25,1120.93,4.02,18.3165,8.2256,8.3826,13.5705,1.3506,0.9625,31.8,34.66,9.975,120.4329,89.1965,153.9569,0.7629,0.7278,1.2942,7.753,145.05
8/23/2016,1.1308,1.3179,3.2196,6.6378,6.5828,67.09,100.2,1116.91,4.025,18.373,8.211,8.3781,13.8,1.3511,0.9622,31.78,34.58,9.975,120.3652,89.1057,153.923,0.7632,0.7307,1.2904,7.7531,145.5
8/24/2016,1.1256,1.3236,3.236,6.6562,6.6142,67.14,100.5,1121.34,4.035,18.4955,8.2249,8.4068,14.19,1.3552,0.9673,31.79,34.64,9.975,120.7641,89.3784,154.4622,0.7605,0.7307,1.2939,7.7543,145.4
8/25/2016,1.1274,1.3177,3.2291,6.656,6.6028,67.01,100.58,1115.23,4.01,18.4385,8.2223,8.4132,14.232,1.3538,0.9684,31.68,34.54,9.975,120.6161,89.3605,154.1547,0.7611,0.7297,1.2934,7.7552,145.1
8/26/2016,1.1237,1.3168,3.2085,6.669,6.6255,66.98,101.2,1111.47,4.013,18.295,8.2343,8.4464,14.1205,1.3548,0.9718,31.64,34.61,9.975,120.6506,89.6021,153.9206,0.7614,0.7302,1.2944,7.7561,145.25
8/29/2016,1.1182,1.3089,3.2436,6.6775,6.6571,67.15,102.13,1121.53,4.0425,18.5625,8.2881,8.4767,14.3925,1.3602,0.978,31.7,34.55,9.975,121.3439,90.1319,154.7859,0.7576,0.7254,1.3018,7.7552,145.6
8/30/2016,1.115,1.3084,3.2525,6.6778,6.6755,67.14,102.92,1118.27,4.048,18.785,8.3362,8.5389,14.485,1.3638,0.9822,31.74,34.58,9.975,121.7676,90.4982,155.2601,0.7516,0.7222,1.3075,7.7578,144.71
8/31/2016,1.1146,1.3129,3.247,6.6776,6.6764,66.94,103.38,1115.98,4.048,18.849,8.3438,8.5689,14.6985,1.363,0.983,31.74,34.62,9.975,121.8847,90.642,155.3365,0.7519,0.7257,1.3122,7.7568,145.3
9/1/2016,1.1194,1.3273,3.246,6.6713,6.6476,66.85,103.22,1116.89,4.074,18.826,8.3256,8.5504,14.6845,1.3593,0.9792,31.72,34.59,9.975,121.6787,90.3259,155.2832,0.7542,0.7282,1.3107,7.757,145.3
9/2/2016,1.1158,1.3299,3.248,6.679,6.6678,66.6,104.18,1114.87,4.083,18.644,8.3206,8.5886,14.4705,1.3594,0.9804,31.66,34.58,9.975,121.5145,90.3448,154.8928,0.7557,0.7286,1.2998,7.7555,145.5
9/6/2016,1.1237,1.3429,3.2217,6.6722,6.6223,66.28,102.28,1093.04,4.078,18.3385,8.1862,8.4765,14.063,1.3476,0.9718,31.18,34.59,9.975,120.4402,89.3802,153.7364,0.7674,0.7407,1.2843,7.7549,145.3
9/7/2016,1.1238,1.3339,3.2223,6.66,6.6239,66.42,101.72,1090.03,4.055,18.3505,8.1839,8.4443,14.05,1.3465,0.9702,31.24,34.63,9.975,120.4057,89.4454,153.5758,0.7675,0.7451,1.2895,7.7553,145.1
9/8/2016,1.1256,1.3301,3.1962,6.664,6.6117,66.52,102.28,1095.27,4.04,18.61,8.1934,8.4483,14.113,1.3492,0.9726,31.32,34.77,9.975,120.7061,89.5252,154.1434,0.7666,0.7406,1.291,7.7565,145.1
9/9/2016,1.1214,1.3257,3.2687,6.6778,6.6368,66.76,102.86,1106.83,4.0675,18.8395,8.2573,8.4995,14.391,1.3592,0.977,31.58,34.83,9.975,121.4739,90.0638,155.1636,0.7549,0.7336,1.3034,7.757,144.8
9/12/2016,1.123,1.3313,3.2762,6.6788,6.6284,66.79,101.96,1112.03,4.0675,19.0705,8.2301,8.4992,14.39,1.3591,0.9736,31.7,34.88,9.975,121.656,89.9379,155.7333,0.7526,0.7321,1.3076,7.7579,144.62
9/13/2016,1.1242,1.3184,3.3144,6.6782,6.6203,67.03,102.14,1124.61,4.105,19.1651,8.2491,8.5072,14.4735,1.366,0.974,31.77,34.93,9.975,122.0296,90.1943,156.2374,0.747,0.7262,1.3167,7.7584,144.8
9/14/2016,1.1271,1.3204,3.3196,6.6707,6.604,66.78,102.33,1123.81,4.121,19.2075,8.2232,8.4628,14.255,1.3629,0.9708,31.68,34.87,9.975,121.9688,90.1269,156.1886,0.7485,0.7304,1.3187,7.7582,145.5
9/15/2016,1.1246,1.3215,3.3274,6.6707,6.62,66.84,102.24,1122.83,4.137,19.2425,8.2309,8.4753,14.1875,1.3627,0.9714,31.68,34.9,9.975,121.9751,90.104,156.2325,0.7512,0.7308,1.3145,7.758,145.4
9/16/2016,1.116,1.309,3.2923,6.6707,6.6744,67.1,102.36,1127.37,4.137,19.6645,8.302,8.5761,14.2265,1.3681,0.9794,31.7,34.92,9.975,122.6698,90.6569,157.0706,0.7489,0.7271,1.3212,7.7585,144.9
9/19/2016,1.1179,1.3051,3.2565,6.665,6.6648,66.94,101.82,1117.44,4.133,19.6205,8.2822,8.5483,14.005,1.3605,0.9798,31.37,34.77,9.975,122.3581,90.461,156.6268,0.756,0.7317,1.318,7.7578,145.1
9/20/2016,1.1172,1.2974,3.2633,6.67,6.6724,66.97,101.66,1117.34,4.137,19.8485,8.2961,8.5801,13.855,1.3621,0.9781,31.31,34.76,9.975,122.6369,90.6014,157.0688,0.7552,0.7323,1.3228,7.7574,145.7
9/21/2016,1.1165,1.2978,3.2393,6.6695,6.6772,66.99,100.62,1112.17,4.135,19.8425,8.2941,8.5831,13.68,1.3577,0.9758,31.28,34.7,9.975,122.4165,90.3832,156.8584,0.7589,0.7328,1.3186,7.7559,145.8
9/22/2016,1.1229,1.3092,3.2092,6.663,6.639,66.6,100.8,1100.59,4.106,19.555,8.107,8.5322,13.6075,1.3558,0.9678,31.3,34.59,9.975,121.6889,89.7852,156.0051,0.7644,0.7315,1.3036,7.7556,145.8
9/23/2016,1.1223,1.2959,3.227,6.669,6.6427,66.66,101.04,1102.21,4.11,19.736,8.1099,8.5457,13.69,1.3592,0.9702,31.34,34.63,9.975,122.1416,90.1788,156.5082,0.7621,0.7235,1.3163,7.7565,145.8
9/26/2016,1.127,1.2978,3.2345,6.6683,6.6117,66.56,100.34,1106.99,4.126,19.8605,8.0889,8.5175,13.675,1.3593,0.9668,31.41,34.61,9.975,122.1438,89.9626,156.7943,0.7642,0.728,1.3196,7.7556,146.15
9/27/2016,1.1208,1.3005,3.2364,6.6691,6.6483,66.5,100.36,1099.22,4.122,19.465,8.1532,8.612,13.48,1.3609,0.9718,31.37,34.59,9.975,121.9609,90.2764,155.9771,0.7658,0.7294,1.3247,7.7542,145.75
9/28/2016,1.12,1.2996,3.2468,6.673,6.654,66.5,100.57,1096.73,4.136,19.512,8.0828,8.5889,13.6825,1.3617,0.9724,31.35,34.6,9.975,122.0358,90.3146,156.0952,0.7659,0.7254,1.3237,7.7534,145.9
9/29/2016,1.1244,1.2991,3.2276,6.665,6.6274,66.72,101.48,1097.39,4.122,19.3825,8.004,8.5435,13.855,1.3621,0.9655,31.35,34.64,9.975,121.696,89.9928,155.7517,0.7676,0.7285,1.3101,7.7552,146.1
9/30/2016,1.1238,1.3015,3.2434,6.6685,6.6249,66.58,101.21,1097.98,4.132,19.3355,7.9897,8.5726,13.72,1.3628,0.9694,31.27,34.6,9.975,121.6921,90.0138,155.7157,0.7667,0.729,1.3115,7.7555,146.2
10/3/2016,1.121,1.284,3.2333,6.6685,6.6401,66.52,101.54,1104.79,4.132,19.335,7.9725,8.5641,13.645,1.3658,0.974,31.36,34.65,9.975,121.8957,90.315,155.7815,0.7664,0.7263,1.3138,7.7557,146.25
10/4/2016,1.1212,1.2746,3.2339,6.6685,6.6359,66.49,102.66,1110.77,4.125,19.236,7.9934,8.5838,13.73,1.3701,0.978,31.43,34.75,9.975,122.0467,90.6016,155.7495,0.7644,0.7246,1.3171,7.7563,146.1
10/5/2016,1.1196,1.2745,3.2326,6.6685,6.646,66.53,103.53,1114.53,4.135,19.2455,8.0317,8.5989,13.715,1.3701,0.977,31.45,34.84,9.975,122.1887,90.7843,155.8313,0.7618,0.7173,1.3177,7.7572,146.1
10/6/2016,1.1158,1.2647,3.2309,6.6685,6.6691,66.7,104.02,1114.53,4.14,19.232,8.0431,8.6246,13.855,1.3726,0.9798,31.5,34.86,9.975,122.3816,91.1212,155.8293,0.758,0.7161,1.3209,7.7575,146.15
10/7/2016,1.1156,1.2434,3.2296,6.6685,6.6693,66.61,103.42,1115.95,4.155,19.3325,8.1198,8.6616,13.9325,1.3755,0.9806,31.47,34.92,9.975,122.6397,91.3877,156.0628,0.7556,0.7119,1.3306,7.7583,146.25
10/11/2016,1.1062,1.2218,3.2111,6.719,6.7268,66.81,103.36,1124.21,4.17,18.9685,8.1872,8.8172,14.36,1.3784,0.9878,31.64,35.43,9.975,122.8552,91.7495,156.0805,0.7545,0.7067,1.3235,7.76,146.45
10/12/2016,1.1014,1.2195,3.2111,6.718,6.7531,66.85,104.48,1127.23,4.19,18.999,8.229,8.8306,14.255,1.3853,0.9902,31.63,35.62,9.975,123.1617,92.1606,156.2383,0.7553,0.7048,1.3277,7.7571,146.8
10/13/2016,1.1038,1.2201,3.199,6.7248,6.7387,66.84,103.62,1133.31,4.211,19.044,8.187,8.805,14.2225,1.3838,0.987,31.74,35.39,9.975,123.0637,91.833,156.4373,0.7558,0.7081,1.3219,7.7562,146.6
10/14/2016,1.0985,1.2189,3.1975,6.7277,6.7726,66.69,104.1,1133.13,4.198,19.0475,8.2257,8.8353,14.2475,1.3901,0.9902,31.76,35.31,9.975,123.156,91.9836,156.4506,0.761,0.7087,1.3169,7.7587,146.55
10/17/2016,1.1,1.2186,3.1985,6.735,6.7652,66.8,103.96,1137.61,4.215,18.885,8.182,8.8135,14.145,1.3891,0.988,31.79,35.26,9.975,123.0115,91.8327,156.3218,0.7626,0.7134,1.3135,7.7591,146.8
10/18/2016,1.0997,1.231,3.1787,6.7401,6.7658,66.71,103.8,1123.75,4.1925,18.6575,8.1468,8.8087,13.89,1.3848,0.9886,31.53,35.02,9.975,122.5884,91.668,155.5919,0.7679,0.7218,1.3105,7.7586,146.75
10/19/2016,1.0966,1.2279,3.1677,6.737,6.7859,66.64,103.3,1120.01,4.19,18.5605,8.1423,8.8431,13.86,1.3865,0.9894,31.44,34.87,9.975,122.4804,91.7234,155.2821,0.7715,0.7223,1.3105,7.7574,146.9
10/20/2016,1.0934,1.2256,3.1548,6.7439,6.8036,66.83,103.92,1128.39,4.181,18.591,8.1841,8.8577,13.9125,1.3912,0.9916,31.58,34.96,9.975,122.84,92.1421,155.5489,0.764,0.7203,1.3197,7.7577,146.7
10/21/2016,1.0866,1.221,3.159,6.7654,6.8453,66.94,103.96,1137.17,4.183,18.6315,8.2636,8.9297,14.0275,1.3954,0.9951,31.75,35.14,9.975,123.3637,92.6955,156.0096,0.7597,0.7154,1.3324,7.7576,147
10/24/2016,1.0888,1.2204,3.1255,6.7728,6.8314,66.89,104.2,1135.4,4.175,18.5835,8.2463,8.9039,13.9175,1.3939,0.992,31.68,35.04,9.975,123.314,92.7589,155.82,0.7603,0.7133,1.3387,7.7576,146.9
10/25/2016,1.089,1.2164,3.1142,6.778,6.8296,66.8,104.25,1129.89,4.155,18.485,8.2593,8.9224,13.775,1.3906,0.994,31.53,34.9,9.975,123.1234,92.6755,155.5037,0.7652,0.7168,1.3333,7.7569,147.1
10/26/2016,1.0916,1.2234,3.132,6.7706,6.8141,66.83,104.42,1134.94,4.159,18.668,8.262,8.8994,13.8775,1.3898,0.9927,31.59,34.99,9.975,123.2764,92.6073,155.9276,0.7657,0.7156,1.3361,7.756,147.1
10/27/2016,1.0904,1.2173,3.1494,6.7819,6.8214,66.85,105.14,1145.85,4.182,18.814,8.2536,9.0646,13.86,1.3953,0.994,31.7,35.09,9.975,123.6923,92.8768,156.5077,0.7606,0.7123,1.3385,7.7545,147.5
10/28/2016,1.0934,1.2155,3.1833,6.776,6.8027,66.78,105.4,1146.49,4.197,18.717,8.2647,9.0353,13.8325,1.3938,0.9932,31.61,35.06,9.975,123.5783,92.8178,156.3299,0.7578,0.7144,1.3383,7.7536,147.6
10/31/2016,1.0962,1.2212,3.1658,6.7735,6.79,66.72,105.07,1145.37,4.19,18.79,8.2501,9.0207,13.485,1.3917,0.989,31.54,34.99,9.975,123.5141,92.6507,156.3987,0.7611,0.7156,1.3403,7.7549,147.6
11/1/2016,1.1042,1.2218,3.2342,6.763,6.7359,66.7,104.59,1142.68,4.179,19.1,8.1986,8.9479,13.575,1.3887,0.979,31.54,35.01,9.975,123.482,92.1958,156.9046,0.7659,0.7176,1.3377,7.7546,147.5
11/2/2016,1.1119,1.2315,3.2364,6.7606,6.6914,66.66,103.22,1148.39,4.189,19.3905,8.1826,8.8938,13.51,1.3826,0.9701,31.52,34.95,9.975,123.4359,91.6698,157.4747,0.7667,0.7296,1.3387,7.7552,147.75
11/3/2016,1.1094,1.2454,3.2386,6.7612,6.7059,66.68,103.17,1142.68,4.185,19.2255,8.166,8.9318,13.475,1.3843,0.9746,31.54,34.95,9.975,123.2915,91.6725,157.1492,0.7681,0.7322,1.3384,7.7547,147.5
11/4/2016,1.1121,1.2546,3.2411,6.7534,6.689,66.75,103.02,1142.68,4.179,19.118,8.1751,8.9543,13.61,1.3832,0.9682,31.54,35.01,9.975,123.1203,91.5412,156.9362,0.7669,0.7311,1.3413,7.7559,147.5
11/7/2016,1.1038,1.2403,3.1978,6.774,6.7414,66.73,104.6,1141.27,4.207,18.6365,8.2355,9.0272,13.3425,1.3902,0.9758,31.45,35.01,9.9875,123.076,92.0824,156.1474,0.77,0.7324,1.338,7.7561,147.75
11/8/2016,1.1034,1.2372,3.1801,6.784,6.7445,66.39,104.98,1131.39,4.2,18.435,8.2277,9.0102,13.2725,1.389,0.9757,31.41,34.96,9.975,122.8327,92.0639,155.6316,0.7733,0.7355,1.3335,7.755,147.5
11/9/2016,1.0952,1.2474,3.2163,6.7769,6.795,66.48,104.84,1150.64,4.224,19.7745,8.2885,9.0293,13.475,1.3953,0.9812,31.53,34.94,9.975,124.2711,92.4383,158.35,0.7674,0.7302,1.3406,7.7552,147.6
11/10/2016,1.0882,1.2523,3.3653,6.7987,6.8389,66.86,106.56,1162.11,4.27,20.4935,8.3883,9.0874,14.0425,1.4089,0.9878,31.77,35.19,9.975,125.6112,93.0625,160.5368,0.759,0.7202,1.3474,7.7562,147.4
11/14/2016,1.0723,1.2469,3.4485,6.8447,6.9422,67.78,108.3,1171.25,4.325,20.8415,8.4973,9.1669,14.37,1.4175,0.9978,31.99,35.5,9.975,126.9848,94.1518,162.1999,0.7532,0.7085,1.3581,7.7581,147.3
11/15/2016,1.0726,1.2422,3.4479,6.8556,6.9408,67.8,108.94,1170.21,4.34,20.345,8.4359,9.1814,14.2,1.4154,1.0015,31.83,35.44,9.975,126.5164,94.049,161.2873,0.754,0.7095,1.3468,7.7575,147.75
11/16/2016,1.0699,1.245,3.4198,6.877,6.9557,68.07,109.16,1172.41,4.345,20.272,8.4915,9.1849,14.295,1.4148,1.0019,31.85,35.47,9.975,126.5903,94.0678,161.4277,0.7492,0.7079,1.3415,7.7575,147.75
11/17/2016,1.0656,1.245,3.4134,6.8674,6.9833,67.93,109.64,1176.03,4.3456,20.1845,8.5061,9.2191,14.305,1.4177,1.0048,31.93,35.45,9.975,126.6666,94.3378,161.2517,0.7455,0.7058,1.3429,7.7568,147.75
11/18/2016,1.06,1.2327,3.3894,6.8873,7.0193,68.12,110.51,1177.71,4.414,20.425,8.585,9.2515,14.38,1.4255,1.0094,32.01,35.54,9.975,127.3803,94.9654,162.0376,0.7345,0.7028,1.3518,7.7572,148
11/21/2016,1.0597,1.2474,3.3585,6.8918,7.0208,68.23,111.12,1178.51,4.417,20.488,8.563,9.2494,14.2675,1.426,1.0112,31.89,35.52,9.975,127.2803,94.7899,162.0393,0.7357,0.7057,1.3432,7.7555,147.95
11/22/2016,1.0618,1.2424,3.3595,6.888,7.0058,68.4,110.98,1173.25,4.417,20.5125,8.5354,9.2267,14.1325,1.4246,1.01,31.85,35.49,9.975,127.2312,94.7344,162.001,0.7388,0.7048,1.3444,7.7557,148
11/23/2016,1.056,1.2458,3.3945,6.9195,7.0451,68.86,112.58,1181.57,4.44,20.653,8.6025,9.2686,14.2025,1.4325,1.0156,31.99,35.69,9.975,127.8914,95.1942,162.8823,0.7391,0.701,1.3467,7.7561,148
11/25/2016,1.0595,1.2462,3.4229,6.9176,7.0221,68.59,113.17,1174.99,4.453,20.6505,8.5757,9.2289,14.105,1.4287,1.0136,31.85,35.61,9.975,127.8604,95.2011,162.8044,0.7425,0.7045,1.3512,7.7553,148.2
11/28/2016,1.0576,1.2411,3.3871,6.9055,7.0341,68.56,112.36,1170.53,4.46,20.574,8.5702,9.2275,13.7325,1.426,1.0158,31.76,35.6,9.975,127.5444,94.974,162.3918,0.7478,0.7063,1.3401,7.7555,148.2
11/29/2016,1.0626,1.2505,3.4011,6.8933,7.0013,68.64,112.78,1169.99,4.464,20.595,8.546,9.1902,13.88,1.4263,1.0132,31.82,35.66,9.975,127.4658,94.8391,162.3893,0.7469,0.7119,1.3435,7.7562,148.4
11/30/2016,1.0578,1.2481,3.3854,6.8837,7.0335,68.56,114.34,1175.87,4.464,20.4565,8.5223,9.2548,14.0775,1.4336,1.0187,31.92,35.7,9.975,127.5646,95.2607,162.0707,0.7387,0.7081,1.3425,7.7566,148.4
12/1/2016,1.0634,1.2596,3.4717,6.883,6.9958,68.29,114.34,1167.31,4.461,20.7375,8.4446,9.2479,14.075,1.427,1.0126,31.93,35.67,9.975,127.4882,94.7611,162.5393,0.7411,0.7072,1.333,7.7563,148.1
12/2/2016,1.0666,1.2685,3.4576,6.883,6.9733,68.04,113.76,1167.7,4.45,20.613,8.4152,9.1936,13.8825,1.4207,1.011,31.88,35.61,9.975,127.141,94.4291,162.1915,0.7445,0.7139,1.3298,7.7547,148.3
12/5/2016,1.0723,1.2708,3.4314,6.8775,6.9368,68.06,114.1,1168.11,4.447,20.5725,8.3801,9.1554,13.7725,1.4232,1.0103,32.01,35.65,9.975,126.9266,94.182,162.0311,0.7476,0.7134,1.3271,7.7555,148.1
12/6/2016,1.0717,1.2706,3.4269,6.879,6.9405,67.72,113.98,1171.5,4.433,20.375,8.3907,9.1214,13.5975,1.4195,1.0093,31.92,35.61,9.975,126.7412,94.2034,161.5902,0.7454,0.7113,1.3279,7.7552,148.8
12/7/2016,1.0758,1.2604,3.3977,6.878,6.914,67.5,113.5,1161.67,4.43,20.328,8.3641,9.0784,13.52,1.4182,1.0065,31.72,35.61,9.975,126.4583,93.984,161.241,0.7479,0.716,1.3251,7.756,148.4
12/8/2016,1.0625,1.2574,3.3798,6.8771,7.0011,67.42,114.16,1162.49,4.42,20.3765,8.4326,9.1273,13.65,1.424,1.0154,31.73,35.63,9.975,126.8144,94.546,161.3145,0.7448,0.7168,1.322,7.7557,148.5
12/9/2016,1.0541,1.259,3.3595,6.9042,7.0542,67.51,115.17,1171.88,4.4215,20.333,8.5199,9.1968,13.765,1.4312,1.0184,31.8,35.68,9.975,127.1143,94.8673,161.5714,0.7442,0.7139,1.3162,7.7586,148.6
12/12/2016,1.0606,1.2677,3.3505,6.9045,7.0117,67.38,115.34,1164.37,4.4215,20.223,8.4506,9.1874,13.645,1.4258,1.0157,31.77,35.59,9.975,126.7305,94.5211,161.1599,0.7486,0.7189,1.3137,7.7577,148.4
12/13/2016,1.0635,1.2685,3.3308,6.8984,6.9922,67.47,115.26,1164.65,4.434,20.256,8.4178,9.1553,13.6375,1.4236,1.0118,31.77,35.58,9.975,126.6047,94.3427,161.1077,0.7494,0.7204,1.3119,7.7562,148.4
12/14/2016,1.0656,1.2706,3.3332,6.9025,6.9777,67.43,115.06,1165.13,4.444,20.2295,8.4628,9.1535,13.6725,1.4227,1.0099,31.73,35.57,9.975,126.5634,94.2245,161.1669,0.7512,0.7228,1.3123,7.7559,148.3
12/15/2016,1.0375,1.2389,3.3933,6.941,7.1648,67.91,118.32,1185.35,4.462,20.614,8.6916,9.4207,14.1025,1.4478,1.0334,32,35.8,9.975,128.6568,96.5937,162.8031,0.7343,0.7015,1.3397,7.7602,148.4
12/16/2016,1.0456,1.2478,3.386,6.958,7.1096,67.82,117.74,1183.72,4.4763,20.417,8.6706,9.3581,14.075,1.445,1.0258,31.94,35.81,9.975,128.2517,96.0226,162.6276,0.7298,0.6981,1.3339,7.7659,149.22
12/19/2016,1.0444,1.2419,3.3725,6.9506,7.1167,67.83,116.6,1187.71,4.4765,20.412,8.6555,9.3427,14.0925,1.4458,1.0226,31.98,35.85,9.975,128.2576,96.077,162.5719,0.7264,0.6949,1.3395,7.7674,149
12/20/2016,1.039,1.2358,3.3631,6.947,7.1549,67.97,117.86,1192.13,4.478,20.4305,8.6995,9.3557,14.015,1.4443,1.0282,32.06,36,9.975,128.4901,96.461,162.6015,0.7252,0.6921,1.3376,7.7658,148.75
12/21/2016,1.0425,1.2348,3.3335,6.939,7.1317,67.82,117.79,1193.91,4.477,20.51,8.6671,9.228,13.9385,1.4434,1.0262,32.05,36,9.975,128.4245,96.3541,162.5912,0.7244,0.6902,1.3401,7.7633,149.05
12/22/2016,1.0452,1.2301,3.3153,6.9473,7.1122,67.86,117.48,1204.65,4.476,20.7095,8.7014,9.1911,14.0305,1.4476,1.0246,32.19,36.01,9.975,128.6795,96.3847,163.1172,0.7216,0.6909,1.347,7.7619,149.6
12/23/2016,1.0449,1.2252,3.2687,6.9432,7.1138,67.84,117.22,1201.51,4.4725,20.611,8.7043,9.198,14.0081,1.4469,1.0268,32.18,35.96,9.975,128.6197,96.5494,162.7767,0.7174,0.687,1.3533,7.7587,149.5
12/27/2016,1.0458,1.2261,3.28,6.9491,7.1098,68.01,117.52,1207.68,4.476,20.7085,8.7092,9.2277,13.9325,1.449,1.0284,32.27,36,9.975,128.7938,96.5926,163.1073,0.7189,0.689,1.3553,7.7596,149.2
12/28/2016,1.0389,1.2222,3.283,6.9559,7.155,68.2,117.66,1212.22,4.48,20.735,8.7485,9.206,13.8575,1.4522,1.0313,32.42,36,9.975,129.0778,96.9058,163.3406,0.7185,0.691,1.3555,7.7575,149.3
12/29/2016,1.0486,1.2237,3.2456,6.9535,7.0888,67.91,116.32,1207.05,4.483,20.6755,8.6598,9.1213,13.6225,1.4482,1.023,32.26,35.89,9.975,128.5027,96.1792,162.9855,0.722,0.6958,1.3488,7.7549,149.6
12/30/2016,1.0552,1.2337,3.2532,6.943,7.0462,67.92,116.78,1203.73,4.4845,20.617,8.6107,9.0803,13.7,1.4465,1.016,32.4,35.81,9.975,128.2131,95.7631,162.8713,0.723,0.6958,1.3426,7.7534,149.6
1/3/2017,1.0416,1.2256,3.2526,6.9575,7.1376,68.37,117.68,1207.23,4.49,20.906,8.6489,9.1583,13.78,1.4498,1.0266,32.37,35.89,9.975,128.9627,96.5035,163.5944,0.7231,0.6927,1.3437,7.7561,149.8
1/4/2017,1.0476,1.2299,3.2139,6.9322,7.0963,67.9,117.38,1198.07,4.496,21.3855,8.5925,9.1108,13.6275,1.4409,1.0228,32.16,35.82,9.975,128.7344,95.89,163.8685,0.727,0.6949,1.3293,7.7544,149.35
1/5/2017,1.0598,1.2415,3.2051,6.887,7.0138,67.74,115.46,1182.46,4.483,21.395,8.4944,8.9981,13.5575,1.4292,1.0107,31.78,35.67,9.975,127.7769,94.8933,163.013,0.7334,0.7022,1.3216,7.754,149.7
1/6/2017,1.056,1.2314,3.2113,6.9176,7.0398,68.12,116.85,1198.85,4.471,21.296,8.5193,9.0421,13.715,1.4372,1.015,32,35.72,9.975,128.1802,95.2993,163.3909,0.7305,0.6973,1.3216,7.7547,149.7
1/9/2017,1.0576,1.2167,3.1916,6.935,7.0291,68.08,116.07,1200.51,4.475,21.3375,8.5454,9.0441,13.6325,1.4345,1.0148,32.02,35.64,9.975,128.2527,95.2333,163.6373,0.7364,0.7027,1.322,7.7556,149.6
1/10/2017,1.0572,1.2165,3.1971,6.918,7.0313,68.25,115.74,1196.96,4.473,21.6245,8.5949,9.0643,13.6725,1.4348,1.0158,31.92,35.53,9.975,128.354,95.1906,163.9185,0.737,0.6986,1.3208,7.7542,149.6
1/11/2017,1.0501,1.2118,3.2024,6.9365,7.0801,68.39,116.26,1197.59,4.47,21.875,8.624,9.1003,13.8375,1.4364,1.0203,31.9,35.55,9.975,128.8561,95.5784,164.5398,0.74,0.7008,1.3219,7.7554,149.8
1/12/2017,1.0666,1.2211,3.1821,6.889,6.97,67.99,113.87,1170.93,4.456,21.7045,8.4988,8.9121,13.4675,1.4221,1.0066,31.49,35.29,9.975,127.5389,94.3296,163.2086,0.7508,0.7138,1.313,7.7541,149.8
1/13/2017,1.0625,1.2198,3.2077,6.8985,6.9977,68.16,115.03,1177.81,4.46,21.5435,8.506,8.9143,13.4425,1.4313,1.0098,31.6,35.42,9.975,127.7486,94.6553,163.2566,0.7481,0.7105,1.3134,7.7548,149.8
1/17/2017,1.0695,1.2388,3.2077,6.852,6.9532,67.9,112.96,1161.61,4.46,21.5825,8.4667,8.9119,13.495,1.4171,1.0028,31.38,35.3,9.975,126.9705,93.8325,162.5806,0.754,0.7183,1.306,7.7559,149.65
1/18/2017,1.0682,1.2309,3.2242,6.836,6.9614,68.12,113.4,1170.73,4.443,21.851,8.4536,8.9134,13.505,1.4235,1.0028,31.53,35.3,9.975,127.411,94.21,163.0775,0.7553,0.7178,1.3175,7.7563,150.1
1/19/2017,1.063,1.2319,3.2024,6.868,6.9955,68.1,115.3,1177.03,4.447,21.891,8.4648,8.977,13.6,1.4289,1.0094,31.6,35.42,9.975,128.06,94.9635,163.5546,0.7545,0.7171,1.3327,7.7568,149.7
1/23/2017,1.074,1.2485,3.1685,6.8514,6.9233,68.11,112.9,1165.82,4.436,21.4355,8.3693,8.8427,13.5,1.4186,0.999,31.41,35.26,9.975,126.9517,94.0141,162.3037,0.7564,0.7215,1.3283,7.7559,149.9
1/24/2017,1.0749,1.2531,3.1695,6.8555,6.9177,68.12,113.63,1165.25,4.433,21.384,8.3274,8.8411,13.3375,1.4178,0.9998,31.31,35.22,9.975,126.7655,93.778,162.1926,0.7584,0.7261,1.3152,7.7567,149.95
1/25/2017,1.0743,1.262,3.1697,6.8812,6.9214,68.04,113.6,1164.13,4.437,21.311,8.3213,8.8254,13.2625,1.4168,0.9996,31.31,35.22,9.975,126.698,93.5852,162.2914,0.7565,0.7268,1.3074,7.7572,150.05
1/26/2017,1.067,1.2579,3.1892,6.8768,6.9694,68.17,114.7,1169.61,4.427,21.295,8.3583,8.8582,13.3825,1.425,1.0011,31.42,35.32,9.975,127.0451,94.0826,162.4238,0.7531,0.7232,1.3104,7.7576,150.05
1/27/2017,1.069,1.2531,3.1537,6.8768,6.9568,68.06,115.16,1175.73,4.43,21.0245,8.3346,8.8499,13.49,1.4281,0.9992,31.5,35.28,9.975,126.8371,94.0909,161.9487,0.7549,0.7257,1.3108,7.758,150
1/30/2017,1.0681,1.2478,3.1152,6.8768,6.9629,67.8,113.86,1171.27,4.43,20.753,8.3181,8.8396,13.535,1.422,0.9976,31.38,35.21,9.975,126.4712,93.9569,161.3049,0.7556,0.7281,1.3092,7.7575,150.2
1/31/2017,1.0794,1.2585,3.1477,6.8768,6.8894,67.48,112.72,1151.45,4.428,20.8355,8.2444,8.7525,13.5075,1.4095,0.9888,31.19,35.09,9.975,125.9632,93.1719,161.1823,0.7582,0.7329,1.303,7.7579,150.1
2/1/2017,1.0758,1.2643,3.153,6.8768,6.914,67.4,113.29,1154.45,4.428,20.8155,8.2492,8.7643,13.425,1.4151,0.993,31.17,35.12,9.975,126.1359,93.4706,161.1824,0.7564,0.7251,1.3088,7.7593,150.5
2/2/2017,1.0802,1.2541,3.1245,6.8768,6.885,67.2,112.48,1139.9,4.422,20.626,8.2157,8.7176,13.3675,1.4086,0.9894,31,35.05,9.975,125.6026,93.0861,160.4872,0.7673,0.7306,1.3018,7.7594,150.2
2/3/2017,1.0792,1.2504,3.1157,6.865,6.8919,67.18,112.42,1134.65,4.426,20.3565,8.2061,8.7681,13.23,1.407,0.991,30.79,35.01,9.975,125.2827,93.1178,159.7325,0.7686,0.7322,1.3003,7.7582,150.2
2/6/2017,1.0731,1.245,3.1181,6.86,6.9299,67.2,112.32,1134.87,4.427,20.517,8.2552,8.8343,13.4,1.4113,0.9934,30.89,35.01,9.975,125.6922,93.6135,160.0096,0.7641,0.7304,1.3116,7.7579,150.53
2/7/2017,1.069,1.2486,3.1235,6.8821,6.9536,67.35,112.14,1142.89,4.434,20.6415,8.3121,8.8625,13.4175,1.4163,0.997,31.06,35.02,9.975,126.0999,93.833,160.6363,0.7636,0.7316,1.3166,7.7586,150.5
2/8/2017,1.0708,1.2543,3.119,6.87,6.9432,67.04,111.74,1143.25,4.437,20.499,8.3037,8.8331,13.3875,1.4149,0.9934,31.03,34.99,9.975,125.815,93.6399,160.2491,0.7648,0.7322,1.3156,7.7588,150.5
2/9/2017,1.0658,1.2516,3.1291,6.866,6.9757,66.71,113.24,1149.88,4.437,20.4155,8.338,8.9006,13.3925,1.4195,1.0013,31.06,35.06,9.975,125.9791,94.0358,160.1086,0.7623,0.7182,1.3139,7.7575,150.5
2/10/2017,1.065,1.2502,3.1092,6.8775,6.9809,66.8,113.22,1146.78,4.442,20.3135,8.3656,8.9,13.38,1.4194,1.0028,30.94,35.06,9.975,125.823,93.9236,159.9048,0.7686,0.7207,1.3073,7.7588,150.35
2/13/2017,1.0603,1.251,3.1106,6.8776,7.014,66.99,113.79,1150.16,4.447,20.325,8.3858,8.9362,13.3125,1.4235,1.0054,30.96,35.09,9.975,126.017,94.1826,160.006,0.7644,0.7175,1.3072,7.7592,150.45
2/14/2017,1.0577,1.2465,3.1074,6.8649,7.0301,66.88,114.34,1139.33,4.448,20.345,8.4049,8.94,13.1625,1.4204,1.0072,30.78,35.05,9.975,126.0155,94.4216,159.6995,0.7638,0.7154,1.3092,7.7595,150.43
2/15/2017,1.0597,1.2465,3.0557,6.8685,7.0159,66.85,114.17,1136.46,4.447,20.29,8.3425,8.9191,12.9625,1.4202,1.0062,30.73,35.01,9.975,125.8388,94.2821,159.4845,0.7698,0.7202,1.3082,7.7604,150.58
2/16/2017,1.066,1.2477,3.0744,6.8517,6.9731,67.12,113.36,1140.57,4.451,20.3405,8.2965,8.8612,13.05,1.4186,0.9992,30.75,34.98,9.975,125.6195,93.8628,159.53,0.7694,0.7227,1.3056,7.7598,150.6
2/17/2017,1.0614,1.2428,3.1038,6.864,7.0025,67.09,112.86,1150.73,4.451,20.4615,8.3382,8.9175,13.0975,1.4197,1.0022,30.9,34.98,9.975,126.0425,94.1468,160.1081,0.7657,0.7182,1.3114,7.761,151.13
2/21/2017,1.0551,1.2465,3.0932,6.881,7.0447,67,113.48,1143.63,4.4555,20.423,8.3553,8.9677,13.12,1.4204,1.0083,30.8,35.03,9.975,126.2335,94.5224,160.055,0.7672,0.7156,1.3149,7.7605,151.25
2/22/2017,1.0555,1.2456,3.0778,6.8765,7.0414,66.95,113.46,1142.15,4.451,19.9155,8.3638,8.982,13.065,1.4157,1.0109,30.77,35,9.975,125.8346,94.5999,159.0744,0.7683,0.7161,1.3188,7.7599,152
2/23/2017,1.0586,1.2548,3.0645,6.8622,7.0212,66.68,112.68,1129.84,4.447,19.735,8.3317,8.986,12.8975,1.4058,1.0062,30.61,34.96,9.975,125.2481,94.145,158.3505,0.7716,0.7235,1.3109,7.7595,152
2/24/2017,1.058,1.2499,3.1123,6.8645,7.0263,66.68,112.26,1130.41,4.437,19.869,8.3375,8.9994,12.9275,1.4039,1.0055,30.64,34.85,9.975,125.4154,94.151,158.7128,0.7681,0.7201,1.3106,7.7609,151.85
2/27/2017,1.0624,1.2473,3.1085,6.8675,6.996,66.69,112.01,1130.14,4.437,19.829,8.34,9.0134,12.925,1.4004,1.0051,30.72,34.82,9.975,125.2778,93.966,158.6418,0.7693,0.7224,1.31,7.7611,151.75
2/28/2017,1.0618,1.2427,3.1085,6.8665,7.0005,66.67,112.06,1129.17,4.438,19.9975,8.3667,9.0098,13.1,1.399,1.0022,30.64,34.89,9.975,125.5992,94.3064,158.9235,0.7686,0.7229,1.3247,7.7627,151.25
3/1/2017,1.0564,1.2318,3.1028,6.8794,7.0363,66.83,113.66,1140.75,4.4455,19.8785,8.3996,9.0293,13.0325,1.4088,1.0072,30.76,34.96,9.975,126.044,94.9949,159.0407,0.7664,0.7131,1.3345,7.7632,151.25
3/2/2017,1.0514,1.2267,3.1264,6.8868,7.0695,66.75,114.45,1146.9,4.447,19.9265,8.4667,9.0664,13.1,1.4114,1.012,30.88,35.03,9.975,126.4661,95.4396,159.4152,0.7578,0.7071,1.3384,7.7623,151.1
3/3/2017,1.0552,1.2249,3.1385,6.8954,7.0442,66.76,114.6,1156.77,4.452,19.5775,8.4754,9.0372,13.09,1.4155,1.0118,31.03,35.07,9.975,126.2717,95.4033,159.0322,0.7559,0.7012,1.3419,7.7635,151.1
3/6/2017,1.0586,1.2243,3.1218,6.8955,7.0217,66.64,113.92,1154.36,4.446,19.536,8.4835,9.0115,13,1.4119,1.0114,30.95,35.06,9.975,126.0546,95.1699,158.8453,0.7583,0.6999,1.341,7.7634,151
3/7/2017,1.0582,1.2209,3.1222,6.9,7.0242,66.62,113.99,1149.87,4.445,19.505,8.4489,8.9966,12.955,1.4106,1.013,30.92,35.09,9.975,126.0469,95.2193,158.7667,0.7603,0.6983,1.3413,7.7643,151.2
3/8/2017,1.0547,1.2152,3.1527,6.9113,7.0478,66.76,114.58,1154.69,4.452,19.6045,8.5094,9.0444,13.0975,1.4175,1.0146,30.93,35.31,9.975,126.5172,95.622,159.2999,0.7544,0.6926,1.3479,7.7675,151
3/9/2017,1.0586,1.2166,3.1684,6.9086,7.0229,66.64,114.71,1158.12,4.459,19.7885,8.5684,9.0305,13.29,1.4192,1.0131,31.01,35.37,9.975,126.6562,95.5378,159.7113,0.7517,0.6907,1.3504,7.7648,151.25
3/10/2017,1.0667,1.2158,3.1552,6.905,6.9682,66.6,115.02,1150.37,4.449,19.654,8.6034,9.0139,13.215,1.4136,1.0104,30.99,35.35,9.975,126.2599,95.2007,159.2593,0.7531,0.6919,1.3468,7.765,151.25
3/13/2017,1.067,1.2234,3.1524,6.905,6.9672,66.15,114.61,1150.37,4.445,19.559,8.5456,8.9466,13.1125,1.413,1.0068,30.99,35.35,9.975,126.0544,95.0158,159.0376,0.7581,0.6927,1.3453,7.7638,151.45
3/14/2017,1.0645,1.2168,3.159,6.913,6.9827,65.76,114.63,1148.54,4.448,19.626,8.5977,8.9471,13.14,1.414,1.0078,30.94,35.29,9.975,126.2268,95.1757,159.2177,0.7575,0.6933,1.3462,7.768,151.4
3/15/2017,1.063,1.2222,3.1576,6.9132,6.9926,65.62,114.66,1144.16,4.446,19.449,8.5983,8.9571,13.0275,1.4121,1.008,30.83,35.25,9.975,126.0056,95.1712,158.736,0.7593,0.6956,1.3451,7.7689,151.6
3/16/2017,1.0738,1.237,3.1194,6.913,6.9236,65.4,113.02,1148.54,4.448,19.1725,8.517,8.8241,12.7375,1.4012,0.9953,30.94,35.29,9.975,125.1158,94.1203,158.0893,0.7673,0.6979,1.3316,7.7611,151.4
3/17/2017,1.0742,1.2372,3.106,6.9,6.9207,65.38,112.67,1128.67,4.434,19.132,8.4633,8.8167,12.7425,1.402,0.9978,30.52,34.86,9.975,124.8794,94.165,157.5117,0.769,0.7008,1.3366,7.7614,151.75
3/20/2017,1.0754,1.2365,3.0812,6.905,6.9136,65.3,112.59,1112.29,4.425,19.0205,8.4648,8.8247,12.63,1.3957,0.9966,30.38,34.61,9.975,124.6236,94.0821,157.0517,0.7733,0.705,1.3357,7.7651,151.98
3/21/2017,1.081,1.2479,3.084,6.883,6.8788,65.31,111.9,1118.23,4.423,19.0915,8.4609,8.789,12.615,1.3982,0.9936,30.43,34.66,9.975,124.3952,93.6444,157.0959,0.7717,0.7063,1.3321,7.7657,151.5
3/22/2017,1.08,1.2476,3.0863,6.8785,6.8864,65.45,111.06,1117.91,4.425,19.0645,8.4659,8.7984,12.56,1.3983,0.99,30.45,34.6,9.975,124.3672,93.6284,157.0541,0.7674,0.7056,1.3347,7.7664,151.71
3/23/2017,1.0787,1.2526,3.1348,6.8843,6.8935,65.41,111.12,1117.91,4.427,18.992,8.4811,8.8139,12.495,1.3989,0.9924,30.46,34.58,9.975,124.3669,93.642,157.0361,0.7644,0.7043,1.3332,7.7668,151.71
3/24/2017,1.0806,1.2491,3.1144,6.8803,6.882,65.4,111.03,1116.69,4.423,18.852,8.4926,8.8111,12.43,1.3991,0.991,30.32,34.55,9.975,124.1875,93.6699,156.6056,0.7619,0.703,1.3373,7.7669,151.4
3/27/2017,1.0882,1.2583,3.1197,6.8687,6.8369,65.05,110.48,1108.3,4.409,18.8205,8.4662,8.7701,12.7425,1.3926,0.983,30.14,34.35,9.975,123.7709,93.2269,156.2415,0.7623,0.7055,1.3367,7.7672,151.7
3/28/2017,1.0852,1.2503,3.1298,6.8779,6.8569,65.02,110.56,1111.51,4.414,18.865,8.4915,8.7864,12.9,1.3932,0.985,30.17,34.36,9.975,123.9659,93.3851,156.4735,0.7651,0.7037,1.3363,7.7668,151.8
3/29/2017,1.0756,1.2411,3.1175,6.8879,6.9176,64.87,111.05,1112.28,4.417,18.83,8.5214,8.8801,13.025,1.3955,0.9966,30.21,34.42,9.975,124.2556,93.9179,156.4461,0.766,0.7025,1.3372,7.7688,152.05
3/30/2017,1.0726,1.2489,3.1203,6.887,6.9334,64.85,111.36,1114.11,4.419,18.665,8.5484,8.9092,12.8075,1.3942,0.9969,30.29,34.4,9.975,124.0713,93.829,156.1512,0.7666,0.7023,1.3278,7.7702,151.98
3/31/2017,1.0698,1.2537,3.1628,6.8832,6.9523,64.85,111.41,1117.48,4.424,18.829,8.5756,8.9349,13.4225,1.3967,0.9998,30.38,34.32,9.975,124.3472,94.0131,156.529,0.7638,0.7001,1.3321,7.7714,152.03
4/3/2017,1.0655,1.2479,3.1183,6.8832,6.98,65.03,110.96,1117.65,4.426,18.7325,8.5918,8.9639,13.705,1.3975,1.0029,30.33,34.35,9.975,124.4054,94.3087,156.2896,0.7601,0.6997,1.3388,7.7708,151.75
4/4/2017,1.0664,1.2437,3.1147,6.8832,6.9738,65.1,110.74,1122.61,4.43,18.818,8.5918,9.0014,13.5375,1.3985,1.0022,30.47,34.45,9.975,124.5435,94.3406,156.5536,0.7567,0.6977,1.3413,7.7707,151.7
4/5/2017,1.0661,1.2488,3.0932,6.892,6.9749,64.87,111.2,1126.58,4.4295,18.7235,8.5984,8.978,13.7525,1.4009,1.005,30.4,34.55,9.975,124.5144,94.3751,156.4467,0.7575,0.6955,1.341,7.7687,151.55
4/6/2017,1.0651,1.2486,3.1087,6.8955,6.9817,64.58,111.02,1131.21,4.435,18.745,8.6163,9.0076,13.77,1.4023,1.0046,30.51,34.64,9.975,124.5982,94.3992,156.601,0.7549,0.6973,1.3409,7.769,151.7
4/7/2017,1.0616,1.2398,3.1258,6.8978,7.0046,64.26,110.76,1133.89,4.4335,18.648,8.6268,9.0503,13.77,1.4021,1.0066,30.56,34.57,9.975,124.6403,94.5492,156.5074,0.7516,0.6957,1.3396,7.7691,151.6
4/10/2017,1.0606,1.2418,3.1443,6.8988,7.0116,64.55,110.95,1141.24,4.433,18.691,8.6175,9.0635,13.9025,1.4045,1.0077,30.57,34.61,9.975,124.7057,94.5108,156.6986,0.75,0.6965,1.3347,7.7697,151.37
4/11/2017,1.0614,1.2484,3.1456,6.8893,7.0046,64.55,109.74,1147.77,4.431,18.7485,8.5961,9.045,13.8275,1.4029,1.0072,30.63,34.55,9.975,124.6026,94.2557,156.7889,0.7497,0.6956,1.3333,7.7707,152.23
4/12/2017,1.0611,1.25,3.1519,6.889,7.0081,64.68,109.54,1138.83,4.425,18.7665,8.5817,9.0165,13.6225,1.3999,1.0054,30.55,34.45,9.975,124.4916,94.161,156.6627,0.7485,0.6925,1.3302,7.7708,152.13
4/13/2017,1.063,1.2522,3.1309,6.8865,6.9975,64.42,109.23,1133.32,4.41,18.535,8.5506,9.0255,13.4225,1.3975,1.0047,30.32,34.31,9.975,124.0608,93.934,155.9976,0.7585,0.7011,1.3266,7.7737,151.98
4/14/2017,1.0625,1.2531,3.1445,6.8835,7.0021,64.42,108.63,1136.67,4.405,18.5293,8.5741,9.0289,13.415,1.3969,1.0038,30.31,34.34,9.975,124.0848,93.9688,156.0071,0.7575,0.7009,1.3316,7.7726,151.83
4/17/2017,1.066,1.2587,3.1036,6.88,6.978,64.53,108.46,1134.25,4.403,18.548,8.5355,8.9864,13.295,1.3954,1.0022,30.32,34.25,9.975,123.8726,93.6877,155.8899,0.7604,0.7028,1.3277,7.7722,151.8
4/18/2017,1.0706,1.2769,3.0997,6.8778,6.9471,64.56,108.4,1143.89,4.409,18.478,8.5192,8.9737,13.285,1.3967,0.9978,30.39,34.34,9.975,123.8313,93.6042,155.9031,0.7553,0.7034,1.3381,7.7743,151.8
4/19/2017,1.0707,1.2789,3.1399,6.886,6.9475,64.62,109.06,1142.37,4.3985,18.868,8.5757,8.982,13.3025,1.3987,0.9986,30.4,34.39,9.975,124.39,93.8623,156.8113,0.75,0.7002,1.3467,7.7741,152
4/20/2017,1.0758,1.283,3.1466,6.88,6.9136,64.61,109.34,1136.29,4.396,18.848,8.5861,8.9546,13.1875,1.3965,0.996,30.37,34.37,9.975,124.2064,93.6884,156.6243,0.754,0.7017,1.3479,7.7746,151.95
4/21/2017,1.0694,1.2783,3.1475,6.8845,6.9533,64.65,109.08,1134.22,4.398,18.8425,8.6779,9.0155,13.1575,1.3968,0.9987,30.34,34.37,9.975,124.3998,93.9751,156.6922,0.7539,0.702,1.3502,7.7757,152
4/24/2017,1.0846,1.2783,3.1254,6.884,6.8489,64.48,109.74,1132.19,4.398,18.69,8.5628,8.8732,12.985,1.3933,0.9964,30.23,34.37,9.975,123.9386,93.5203,156.244,0.7558,0.7019,1.3517,7.7795,152
4/25/2017,1.0941,1.2836,3.1669,6.8824,6.8004,64.32,110.88,1126.54,4.369,18.9305,8.5518,8.7675,13.0875,1.3927,0.9925,30.06,34.4,9.975,124.0877,93.4634,156.6442,0.7538,0.6949,1.3614,7.7796,151.75
4/26/2017,1.0872,1.2838,3.1961,6.8918,6.843,64.08,111.52,1133.17,4.346,19.149,8.5902,8.7855,13.2825,1.3977,0.9957,30.1,34.48,9.975,124.5655,93.7755,157.3073,0.7462,0.688,1.3591,7.7806,151.9
4/27/2017,1.0864,1.2889,3.1867,6.8958,6.8471,64.14,111.13,1133.83,4.345,19.119,8.5935,8.8499,13.3725,1.3975,0.9948,30.12,34.62,9.975,124.6213,93.8736,157.3075,0.7452,0.6854,1.3664,7.7801,152.1
4/28/2017,1.0895,1.2938,3.1896,6.89,6.8271,64.27,111.44,1136.99,4.339,18.934,8.5726,8.8635,13.335,1.397,0.9944,30.19,34.58,9.975,124.4116,93.777,156.9658,0.7475,0.686,1.3669,7.7779,152.1
5/1/2017,1.0912,1.2917,3.176,6.89,6.8157,64.25,111.78,1134.87,4.339,18.761,8.5838,8.8281,13.375,1.3958,0.9955,30.16,34.58,9.975,124.2085,93.7221,156.5869,0.7534,0.6914,1.3653,7.7775,151.95
5/2/2017,1.091,1.2921,3.1685,6.8949,6.8158,64.16,112.06,1129.16,4.326,18.78,8.5941,8.8291,13.285,1.3951,0.9913,30.02,34.47,9.975,124.2912,93.917,156.5255,0.7523,0.6923,1.3742,7.781,151.95
5/3/2017,1.092,1.2916,3.1443,6.8968,6.8106,64.17,112.34,1131.25,4.317,18.795,8.6191,8.8148,13.3525,1.3951,0.9913,30.05,34.51,9.975,124.2866,93.8715,156.5722,0.7451,0.6912,1.3705,7.781,151.86
5/4/2017,1.0967,1.291,3.1823,6.8959,6.781,64.22,112.7,1134.2,4.326,19.0145,8.6774,8.816,13.615,1.4008,0.989,30.12,34.63,9.975,124.5583,93.8417,157.2084,0.7403,0.6854,1.3745,7.7815,152.25
5/5/2017,1.0996,1.295,3.1703,6.9021,6.7622,64.31,112.63,1136.49,4.335,19.004,8.6022,8.7941,13.4775,1.4041,0.9876,30.18,34.67,9.975,124.4384,93.6081,157.2367,0.7414,0.6915,1.3699,7.7839,152.25
5/8/2017,1.0928,1.2942,3.2003,6.904,6.8086,64.32,112.84,1132.91,4.335,19.1055,8.6445,8.8372,13.6,1.4049,0.9979,30.13,34.62,9.975,124.7511,93.9572,157.489,0.7386,0.691,1.3712,7.784,152.15
5/9/2017,1.0875,1.2939,3.1818,6.906,6.8429,64.66,114.19,1134.84,4.345,19.1225,8.6802,8.8876,13.59,1.4112,1.0074,30.24,34.77,9.975,125.0645,94.3731,157.6594,0.7352,0.6899,1.3715,7.7831,152.2
5/10/2017,1.0873,1.2939,3.1531,6.9011,6.8416,64.53,114.02,1132.13,4.345,18.9705,8.608,8.913,13.45,1.4099,1.0088,30.2,34.73,9.975,124.7611,94.2374,157.1606,0.7383,0.6946,1.3652,7.7864,152.05
5/11/2017,1.0869,1.2885,3.1494,6.9033,6.8457,64.43,113.77,1127.51,4.346,18.8825,8.5924,8.8799,13.33,1.4084,1.0061,30.18,34.72,9.975,124.6957,94.3198,156.914,0.7374,0.6849,1.3693,7.7896,152.01
5/12/2017,1.0926,1.288,3.1207,6.8972,6.8093,64.24,113.3,1121.68,4.344,18.764,8.5713,8.8439,13.375,1.4044,1.0008,30.15,34.65,9.975,124.3616,94.0786,156.4792,0.7397,0.686,1.3717,7.7933,152.4
5/15/2017,1.0979,1.2917,3.1049,6.89,6.776,64.04,113.54,1115.01,4.325,18.66,8.5416,8.819,13.16,1.398,0.9964,30.04,34.53,9.975,123.9429,93.7381,155.9818,0.7425,0.6886,1.3648,7.7884,152.4
5/16/2017,1.1072,1.2912,3.0903,6.884,6.7187,64.03,113.24,1115,4.32,18.6195,8.4664,8.7982,13.0925,1.3958,0.9878,30.09,34.47,9.975,123.5862,93.2369,155.8218,0.7429,0.6881,1.359,7.7873,152.6
5/17/2017,1.1134,1.2944,3.1015,6.8773,6.6814,64.11,111.46,1118.67,4.321,18.628,8.3977,8.7533,13.1675,1.3914,0.9808,30.1,34.47,9.975,123.3486,92.7645,155.8896,0.7426,0.6926,1.3594,7.7867,152.55
5/18/2017,1.113,1.3009,3.3823,6.888,6.6849,64.87,110.82,1129.17,4.326,18.9265,8.4431,8.7755,13.41,1.3918,0.9763,30.3,34.5,9.975,123.9093,92.6605,157.2625,0.7432,0.6916,1.3604,7.7825,152.6
5/19/2017,1.119,1.3018,3.2745,6.883,6.6513,64.56,111.47,1116.71,4.32,18.678,8.3866,8.7398,13.2225,1.3867,0.9754,30.02,34.33,9.975,123.3057,92.3928,156.2635,0.7449,0.6913,1.3537,7.7835,152.4
5/22/2017,1.1236,1.3006,3.2952,6.8828,6.6259,64.53,111.15,1114.71,4.303,18.6695,8.3464,8.6994,13.2175,1.3864,0.9736,30.01,34.32,9.975,123.1434,92.1219,156.2471,0.7476,0.699,1.3503,7.785,152.7
5/23/2017,1.1198,1.2984,3.2729,6.888,6.6461,64.85,111.64,1125.02,4.292,18.638,8.3694,8.7069,13.105,1.3898,0.974,30.16,34.42,9.975,123.2998,92.2983,156.3703,0.7485,0.7014,1.3492,7.7876,152.65
5/24/2017,1.1175,1.2935,3.2747,6.8883,6.6588,64.74,112.02,1122.83,4.291,18.5665,8.3928,8.7107,12.9525,1.3895,0.9769,30.15,34.38,9.975,123.2817,92.3978,156.2039,0.7463,0.7012,1.3454,7.7888,152.6
5/25/2017,1.1218,1.2954,3.288,6.8672,6.6332,64.55,111.7,1119.71,4.277,18.466,8.3531,8.6731,12.875,1.3844,0.972,30.08,34.11,9.975,122.9454,92.1832,155.7306,0.7466,0.7043,1.3457,7.7916,152.78
5/26/2017,1.117,1.2795,3.2575,6.8525,6.6623,64.5,111.3,1118.67,4.267,18.499,8.3935,8.6926,12.87,1.3816,0.9753,30.18,34.04,9.975,123.0087,92.411,155.5833,0.744,0.7055,1.3454,7.7923,152.75
5/30/2017,1.1183,1.2858,3.2651,6.8525,6.6514,64.66,110.68,1122.87,4.281,18.659,8.4304,8.7256,13.1125,1.384,0.9744,30.15,34.11,9.975,123.1,92.262,155.9734,0.7465,0.7095,1.3462,7.7929,152.75
5/31/2017,1.1236,1.2905,3.2405,6.8098,6.6206,64.5,110.71,1119.58,4.279,18.655,8.4361,8.6788,13.1725,1.3833,0.9684,30.11,34.03,9.975,122.7882,92.1072,155.4787,0.7437,0.71,1.3498,7.7929,152.75
6/1/2017,1.1214,1.2894,3.2398,6.8029,6.633,64.39,111.24,1120.85,4.286,18.5775,8.4392,8.6915,12.9775,1.3859,0.9712,30.09,34.16,9.975,122.7838,92.255,155.2824,0.7387,0.7064,1.3484,7.7915,152.7
6/2/2017,1.127,1.2885,3.2391,6.8085,6.6006,64.41,110.49,1117.49,4.279,18.67,8.4237,8.6323,12.8,1.3813,0.9642,30.09,34.11,9.975,122.6806,91.9581,155.4288,0.7441,0.7141,1.35,7.7908,151.85
6/5/2017,1.125,1.2917,3.2896,6.803,6.6133,64.34,110.49,1118.44,4.262,18.3895,8.4585,8.6621,12.685,1.3818,0.9657,30.07,34.05,9.975,122.4498,91.9719,154.9007,0.7479,0.7141,1.3484,7.7919,152.6
6/6/2017,1.1266,1.2901,3.2813,6.7945,6.602,64.42,109.34,1118.53,4.265,18.2825,8.4671,8.6733,12.8325,1.3792,0.9628,30.09,33.96,9.975,122.1654,91.7031,154.6104,0.7514,0.7201,1.3451,7.7936,152.5
6/7/2017,1.1236,1.2941,3.279,6.7935,6.6188,64.39,109.54,1124.16,4.2616,18.2305,8.4912,8.6945,12.8275,1.3816,0.9657,30.09,34.02,9.975,122.2895,91.9254,154.6047,0.755,0.7196,1.3514,7.7936,152.7
6/8/2017,1.1217,1.2939,3.2822,6.799,6.63,64.24,110.1,1122.73,4.267,18.1775,8.485,8.7159,12.8975,1.3813,0.9675,30.11,34.06,9.975,122.3117,92.0331,154.5183,0.7543,0.7219,1.3494,7.7967,151.91
6/9/2017,1.119,1.2737,3.2793,6.797,6.6462,64.24,110.61,1123.51,4.2635,18.1855,8.4968,8.7178,12.8525,1.3837,0.97,30.12,34.05,9.975,122.4108,92.2087,154.5167,0.7532,0.7207,1.3434,7.7972,152.73
6/12/2017,1.1204,1.2658,3.3097,6.7974,6.637,64.48,109.72,1130.55,4.2635,18.1725,8.4655,8.7412,12.83,1.3842,0.9688,30.22,34.06,9.975,122.4335,92.124,154.6732,0.7539,0.7206,1.3447,7.8,152.02
6/13/2017,1.1194,1.2739,3.3125,6.7981,6.6431,64.33,110.12,1127.79,4.261,18.078,8.435,8.7035,12.8,1.3818,0.9692,30.23,33.92,9.975,122.0915,91.7244,154.4201,0.754,0.7221,1.3226,7.7979,152.75
6/14/2017,1.1277,1.2808,3.2762,6.7888,6.5943,64.23,109.16,1116.45,4.256,17.93,8.3662,8.6421,12.5925,1.3718,0.9662,30.08,33.83,9.975,121.5183,91.1977,153.8161,0.7619,0.7303,1.3201,7.7981,152.7
6/15/2017,1.1152,1.2768,3.274,6.8061,6.6679,64.58,110.66,1129.91,4.265,18.09,8.5007,8.7503,12.8725,1.3828,0.9749,30.35,33.95,9.975,122.3612,92.0452,154.6123,0.7582,0.7209,1.3286,7.802,152.9
6/16/2017,1.1194,1.2778,3.2898,6.8097,6.6435,64.5,110.84,1133.2,4.274,17.9195,8.4555,8.7035,12.815,1.383,0.9739,30.31,33.95,9.975,122.1137,91.7992,154.3748,0.7622,0.7252,1.3235,7.8005,152.8
6/19/2017,1.116,1.2743,3.2908,6.818,6.6638,64.45,111.34,1134.69,4.276,17.936,8.478,8.7339,12.955,1.3858,0.9745,30.37,33.94,9.975,122.2763,91.9419,154.5547,0.7605,0.7244,1.3202,7.8001,153.1
6/20/2017,1.1124,1.2628,3.3292,6.8285,6.6869,64.54,111.46,1141.33,4.282,18.1255,8.5613,8.7941,13.065,1.3902,0.9759,30.45,34.01,9.975,122.8142,92.3012,155.2913,0.7575,0.7239,1.3268,7.8007,153.15
6/21/2017,1.1143,1.2667,3.3283,6.8275,6.6749,64.52,111.58,1143.01,4.286,18.154,8.5336,8.7619,13.0425,1.3912,0.9744,30.44,33.99,9.975,122.8906,92.3322,155.4212,0.7549,0.7214,1.3323,7.8003,153.1
6/22/2017,1.1148,1.2659,3.3301,6.8275,6.6707,64.6,111.36,1143.01,4.286,18.112,8.4952,8.753,12.98,1.3909,0.9728,30.44,33.99,9.975,122.721,92.1187,155.3152,0.7542,0.7265,1.3236,7.799,153.1
6/23/2017,1.1196,1.2727,3.3281,6.8345,6.6427,64.47,111.26,1132.99,4.2865,17.962,8.4471,8.7139,12.9175,1.386,0.9692,30.29,33.95,9.975,122.4155,91.9251,154.8836,0.7578,0.7294,1.3263,7.7997,153.25
6/26/2017,1.1196,1.2732,3.3106,6.8382,6.6411,64.43,111.48,1132.48,4.2865,17.883,8.4667,8.713,12.85,1.3875,0.9706,30.3,33.97,9.975,122.31,91.8827,154.7036,0.759,0.7303,1.3228,7.7986,152.62
6/27/2017,1.13,1.2791,3.3195,6.81,6.5655,64.47,112.42,1137.77,4.2865,17.9735,8.4107,8.6147,12.96,1.3867,0.9638,30.32,33.94,9.975,122.0929,91.475,154.7379,0.7588,0.7278,1.3176,7.7999,153.2
6/28/2017,1.1364,1.2936,3.2977,6.7984,6.544,64.55,112.18,1141.91,4.296,17.889,8.4498,8.5665,12.955,1.3818,0.9608,30.41,33.95,9.975,121.633,90.8567,154.5023,0.7638,0.7308,1.3043,7.803,153.25
6/29/2017,1.142,1.2984,3.3062,6.784,6.5114,64.66,112.32,1144.07,4.292,18.031,8.4024,8.495,13.0325,1.3799,0.9569,30.46,33.98,9.975,121.5579,90.5601,154.7137,0.768,0.729,1.301,7.8038,153.4
6/30/2017,1.1411,1.2995,3.3057,6.7793,6.5154,64.62,112.4,1143.75,4.291,18.076,8.3781,8.44,13.0925,1.3765,0.9586,30.38,33.92,9.975,121.5364,90.5364,154.6959,0.7676,0.7322,1.2982,7.8055,153.45
7/3/2017,1.1367,1.2951,3.3,6.7984,6.5411,64.84,113.32,1149.26,4.2965,18.2215,8.3647,8.4742,13.2225,1.3825,0.9632,30.49,33.99,9.975,122.0092,90.8797,155.3093,0.7652,0.7299,1.3,7.81,153.5
7/5/2017,1.1336,1.2934,3.3162,6.7995,6.5599,64.8,113.2,1153.06,4.295,18.3295,8.4027,8.5031,13.4,1.3821,0.9652,30.56,34.03,9.975,122.251,91.0051,155.687,0.7588,0.7273,1.2998,7.8072,153.6
7/6/2017,1.1409,1.2967,3.3048,6.799,6.5177,64.72,113.28,1156.55,4.297,18.307,8.3543,8.4454,13.45,1.3826,0.9634,30.61,34.07,9.975,122.0349,90.6187,155.7009,0.7584,0.7266,1.2933,7.812,153.4
7/7/2017,1.1396,1.288,3.2843,6.8039,6.5252,64.62,114.1,1153.85,4.297,18.144,8.3713,8.4373,13.425,1.3823,0.9644,30.56,34.09,9.975,121.9265,90.6826,155.3773,0.7599,0.7273,1.287,7.8116,153.55
7/10/2017,1.1396,1.2884,3.2627,6.8026,6.525,64.45,114.08,1149.35,4.295,17.981,8.3304,8.4368,13.43,1.385,0.9658,30.56,34.13,9.975,121.7594,90.7095,154.9709,0.7599,0.7269,1.2883,7.8128,153.6
7/11/2017,1.143,1.2851,3.2505,6.801,6.506,64.54,114.2,1149.83,4.296,17.953,8.3265,8.4259,13.595,1.3845,0.9672,30.53,34.1,9.975,121.742,90.71,154.9314,0.7614,0.7209,1.2921,7.8123,153.7
7/12/2017,1.1411,1.2889,3.2258,6.7865,6.5172,64.53,113.19,1138.32,4.292,17.767,8.2812,8.4176,13.235,1.3781,0.9648,30.38,33.94,9.975,121.1465,90.2967,154.1348,0.7673,0.7261,1.2768,7.8105,153.65
7/13/2017,1.1385,1.2921,3.2133,6.7825,6.5322,64.46,113.39,1137.22,4.2905,17.739,8.2682,8.3662,13.2525,1.3768,0.9685,30.36,33.96,9.975,121.0857,90.3154,153.9757,0.7728,0.7315,1.2739,7.8081,153.6
7/14/2017,1.1452,1.3079,3.1832,6.7741,6.493,64.38,112.66,1127.79,4.291,17.562,8.1977,8.3298,13.0275,1.3717,0.9654,30.26,33.76,9.975,120.4402,89.7128,153.3095,0.7813,0.7331,1.2655,7.8069,153.6
7/17/2017,1.147,1.3058,3.181,6.769,6.4841,64.34,112.76,1127.74,4.286,17.6,8.1513,8.3016,12.91,1.3693,0.9627,30.37,33.63,9.975,120.4612,89.7007,153.3717,0.7811,0.7322,1.2673,7.8034,153.7
7/18/2017,1.1578,1.3026,3.1571,6.7451,6.4223,64.32,111.89,1123.69,4.284,17.499,8.0632,8.2742,12.905,1.3659,0.9526,30.34,33.57,9.975,119.9299,89.1814,152.8537,0.7923,0.7368,1.2663,7.8045,153.75
7/19/2017,1.1518,1.3036,3.1526,6.7511,6.4563,64.24,111.77,1122.92,4.2845,17.4775,8.0645,8.2893,12.92,1.3684,0.9548,30.37,33.6,9.975,119.9342,89.199,152.8409,0.7946,0.7357,1.2586,7.8083,153.6
7/20/2017,1.1634,1.2976,3.1374,6.757,6.3921,64.37,111.68,1120.77,4.29,17.512,8.0243,8.2314,13.005,1.3662,0.9507,30.38,33.57,9.975,119.7526,88.8293,152.9107,0.7958,0.7394,1.2582,7.8101,153.6
7/21/2017,1.1655,1.2968,3.1218,6.7663,6.3802,64.38,111.18,1117.47,4.282,17.563,8.0279,8.2491,12.9425,1.3628,0.9468,30.41,33.45,9.975,119.7061,88.6389,153.0526,0.7911,0.7437,1.2545,7.8091,153.6
7/24/2017,1.1642,1.3028,3.1473,6.7488,6.3861,64.39,111.1,1113.82,4.276,17.6835,8.0136,8.2205,12.965,1.3616,0.9456,30.34,33.39,9.975,119.7057,88.5678,153.1436,0.7926,0.743,1.2519,7.8068,153.45
7/25/2017,1.1656,1.3046,3.1617,6.7495,6.3803,64.38,111.57,1117.02,4.28,17.763,7.9765,8.2025,13.025,1.3611,0.9496,30.32,33.44,9.975,119.7979,88.5633,153.3556,0.7949,0.7424,1.2512,7.8082,153.45
7/26/2017,1.1632,1.3048,3.1596,6.753,6.392,64.32,112.1,1117.76,4.2825,17.756,7.9595,8.2301,13.0275,1.3612,0.958,30.36,33.48,9.975,119.8928,88.7336,153.3474,0.7922,0.7431,1.2506,7.8122,153.55
7/27/2017,1.1656,1.3065,3.1527,6.741,6.3793,64.11,111.62,1115.15,4.276,17.6915,7.9578,8.2297,13.025,1.3598,0.9656,30.18,33.33,9.975,119.6983,88.6609,153.0067,0.7962,0.7491,1.2529,7.809,153.65
7/28/2017,1.1754,1.3124,3.1424,6.7362,6.3252,64.11,110.87,1121.49,4.2795,17.7535,7.9174,8.1177,13.0225,1.3571,0.9685,30.26,33.37,9.975,119.415,88.045,153.1709,0.7991,0.7506,1.2436,7.8096,153.7
7/31/2017,1.1826,1.3196,3.1338,6.724,6.2876,64.18,110.38,1121.86,4.28,17.859,7.8922,8.0752,13.2225,1.3559,0.965,30.2,33.28,9.975,119.3044,87.8181,153.2185,0.7988,0.7503,1.249,7.81,153.5
8/1/2017,1.1799,1.3206,3.1143,6.717,6.3026,64.06,110.33,1121.09,4.284,17.8085,7.9235,8.1124,13.215,1.3579,0.9655,30.24,33.28,9.975,119.3333,87.9974,153.0496,0.7974,0.7474,1.254,7.8121,153.1
8/2/2017,1.1861,1.3236,3.1165,6.72,6.2702,63.64,110.43,1121.55,4.284,17.82,7.8677,8.0958,13.21,1.3585,0.9684,30.22,33.25,9.975,119.2463,87.8229,153.0816,0.7983,0.7445,1.2544,7.8169,153.45
8/3/2017,1.188,1.3144,3.1209,6.715,6.261,63.67,110.12,1127.73,4.277,17.8845,7.8803,8.0922,13.3925,1.3588,0.969,30.19,33.25,9.975,119.3118,87.8338,153.2145,0.7945,0.7438,1.2563,7.8172,153.4
8/4/2017,1.1754,1.3036,3.1176,6.7272,6.3295,63.64,110.76,1128.02,4.277,17.865,7.955,8.1615,13.46,1.3604,0.9721,30.18,33.29,9.975,119.7552,88.5259,153.3086,0.7924,0.7414,1.2639,7.819,153.4
8/7/2017,1.1788,1.3021,3.1247,6.7207,6.3108,63.83,110.76,1127.39,4.282,17.966,7.9453,8.1597,13.27,1.3634,0.9728,30.21,33.29,9.975,119.8377,88.5292,153.4889,0.7905,0.7353,1.2684,7.8223,153.4
8/8/2017,1.1724,1.2968,3.1295,6.7049,6.3453,63.69,110.74,1125.6,4.284,17.9135,7.9578,8.1928,13.2,1.3638,0.9766,30.18,33.28,9.975,119.8275,88.7209,153.2179,0.7905,0.7328,1.2658,7.8234,153.25
8/9/2017,1.1748,1.2997,3.1498,6.672,6.332,63.86,110.04,1138.69,4.287,17.9835,7.9602,8.1879,13.455,1.3643,0.9649,30.24,33.23,9.975,119.7778,88.6125,153.247,0.7872,0.7317,1.2711,7.8173,153.2
8/10/2017,1.1751,1.2978,3.1518,6.646,6.3285,64.05,109.37,1144.36,4.29,17.874,7.9446,8.1475,13.355,1.3634,0.9647,30.34,33.25,9.975,119.565,88.511,152.9022,0.7888,0.7276,1.2705,7.8163,153.25
8/11/2017,1.1811,1.2988,3.1639,6.6612,6.2965,64.14,109.06,1141.57,4.2935,17.838,7.9482,8.1405,13.47,1.3615,0.962,30.35,33.22,9.975,119.4328,88.2476,152.9476,0.788,0.7305,1.2689,7.8191,153
8/14/2017,1.1786,1.2975,3.176,6.6695,6.31,64.08,109.48,1137.22,4.292,17.7685,7.937,8.1107,13.2975,1.3619,0.9714,30.28,33.24,9.975,119.4812,88.4368,152.8109,0.7864,0.7297,1.2698,7.8211,153.1
8/15/2017,1.1736,1.2862,3.1942,6.6845,6.3363,64.12,110.42,1135.47,4.294,17.8365,7.9603,8.0847,13.3075,1.3671,0.9718,30.32,33.28,9.975,119.877,88.8666,153.1404,0.7822,0.7241,1.2745,7.8237,153.15
8/16/2017,1.1703,1.286,3.1635,6.69,6.3549,64.16,110.8,1137.75,4.297,17.729,7.953,8.1177,13.21,1.3676,0.9744,30.32,33.27,9.975,119.8369,88.9383,152.9587,0.7882,0.7263,1.2708,7.8217,153.2
8/17/2017,1.1736,1.2888,3.1585,6.673,6.3357,64.15,109.88,1138.23,4.294,17.747,7.9504,8.1152,13.1825,1.3647,0.9633,30.32,33.24,9.975,119.5527,88.5415,152.8355,0.7918,0.7308,1.265,7.8232,153.25
8/18/2017,1.1748,1.2847,3.1548,6.67,6.3295,64.1,109.32,1139.83,4.288,17.756,7.9074,8.1082,13.1525,1.3634,0.9642,30.33,33.2,9.975,119.4169,88.334,152.8002,0.7933,0.7329,1.2585,7.8233,153.25
8/21/2017,1.1814,1.2903,3.1436,6.663,6.2959,64.1,108.89,1137.14,4.2855,17.646,7.8975,8.0693,13.155,1.3611,0.9629,30.31,33.24,9.975,119.1024,88.0441,152.472,0.7936,0.7326,1.2587,7.8252,153.1
8/22/2017,1.1762,1.2834,3.1505,6.66,6.3233,64.07,109.4,1131.79,4.279,17.64,7.9137,8.1034,13.21,1.3616,0.9668,30.28,33.24,9.975,119.1862,88.2744,152.3615,0.7913,0.7292,1.2559,7.8263,152.9
8/23/2017,1.1802,1.2787,3.1521,6.6569,6.3019,64.04,109.14,1128.59,4.278,17.707,7.8776,8.0753,13.2075,1.3619,0.9667,30.26,33.34,9.975,119.1464,88.151,152.4319,0.7893,0.7208,1.2558,7.8259,152.9
8/24/2017,1.1801,1.2802,3.1428,6.66,6.3018,64.04,109.34,1127.8,4.278,17.705,7.8415,8.0584,13.2,1.3613,0.9646,30.24,33.34,9.975,119.0992,88.0944,152.3997,0.7905,0.7215,1.2528,7.8239,152.9
8/25/2017,1.1874,1.2873,3.1463,6.6465,6.2655,64,109.24,1121.73,4.2715,17.614,7.7775,7.9963,13.0325,1.3558,0.9574,30.09,33.25,9.975,118.6921,87.7097,151.9869,0.7929,0.7232,1.2494,7.8215,152.9
