01/01/2010 00:00,138,-21,-11,1021,NW,1.79,0,0
01/01/2010 01:00,125,-21,-12,1020,NW,4.92,0,0
01/01/2010 02:00,249,-21,-11,1019,NW,6.71,0,0
01/01/2010 03:00,210,-21,-14,1019,NW,9.84,0,0
01/01/2010 04:00,98,-20,-12,1018,NW,12.97,0,0
01/01/2010 05:00,117,-19,-10,1017,NW,16.1,0,0
01/01/2010 06:00,159,-19,-9,1017,NW,19.23,0,0
01/01/2010 07:00,95,-19,-9,1017,NW,21.02,0,0
01/01/2010 08:00,45,-19,-9,1017,NW,24.15,0,0
01/01/2010 09:00,119,-20,-8,1017,NW,27.28,0,0
01/01/2010 10:00,87,-19,-7,1017,NW,31.3,0,0
01/01/2010 11:00,38,-18,-5,1017,NW,34.43,0,0
01/01/2010 12:00,43,-19,-5,1015,NW,37.56,0,0
01/01/2010 13:00,164,-18,-3,1015,NW,40.69,0,0
01/01/2010 14:00,105,-18,-2,1014,NW,43.82,0,0
01/01/2010 15:00,125,-18,-1,1014,cv,0.89,0,0
01/01/2010 16:00,99,-19,-2,1015,NW,1.79,0,0
01/01/2010 17:00,55,-18,-3,1015,NW,2.68,0,0
01/01/2010 18:00,126,-18,-5,1016,NE,1.79,0,0
01/01/2010 19:00,148,-17,-4,1017,NW,1.79,0,0
01/01/2010 20:00,152,-17,-5,1017,cv,0.89,0,0
01/01/2010 21:00,35,-17,-5,1018,NW,1.79,0,0
01/01/2010 22:00,109,-17,-5,1018,NW,2.68,0,0
01/01/2010 23:00,113,-17,-5,1020,cv,0.89,0,0
02/01/2010 00:00,129,-16,-4,1020,SE,1.79,0,0
02/01/2010 01:00,148,-15,-4,1020,SE,2.68,0,0
02/01/2010 02:00,159,-11,-5,1021,SE,3.57,0,0
02/01/2010 03:00,181,-7,-5,1022,SE,5.36,1,0
02/01/2010 04:00,138,-7,-5,1022,SE,6.25,2,0
02/01/2010 05:00,109,-7,-6,1022,SE,7.14,3,0
02/01/2010 06:00,105,-7,-6,1023,SE,8.93,4,0
02/01/2010 07:00,124,-7,-5,1024,SE,10.72,0,0
02/01/2010 08:00,120,-8,-6,1024,SE,12.51,0,0
02/01/2010 09:00,132,-7,-5,1025,SE,14.3,0,0
02/01/2010 10:00,140,-7,-5,1026,SE,17.43,1,0
02/01/2010 11:00,152,-8,-5,1026,SE,20.56,0,0
02/01/2010 12:00,148,-8,-5,1026,SE,23.69,0,0
02/01/2010 13:00,164,-8,-5,1025,SE,27.71,0,0
02/01/2010 14:00,158,-9,-5,1025,SE,31.73,0,0
02/01/2010 15:00,154,-9,-5,1025,SE,35.75,0,0
02/01/2010 16:00,159,-9,-5,1026,SE,37.54,0,0
02/01/2010 17:00,164,-8,-5,1027,SE,39.33,0,0
02/01/2010 18:00,170,-8,-5,1027,SE,42.46,0,0
02/01/2010 19:00,149,-8,-5,1028,SE,44.25,0,0
02/01/2010 20:00,154,-7,-5,1028,SE,46.04,0,0
02/01/2010 21:00,164,-7,-5,1027,SE,49.17,1,0
02/01/2010 22:00,156,-8,-6,1028,SE,52.3,2,0
02/01/2010 23:00,126,-8,-6,1027,SE,55.43,3,0
03/01/2010 00:00,90,-7,-6,1027,SE,58.56,4,0
03/01/2010 01:00,63,-8,-6,1026,SE,61.69,5,0
03/01/2010 02:00,65,-8,-7,1026,SE,65.71,6,0
03/01/2010 03:00,55,-8,-7,1025,SE,68.84,7,0
03/01/2010 04:00,65,-8,-7,1024,SE,72.86,8,0
03/01/2010 05:00,83,-9,-8,1024,SE,76.88,9,0
03/01/2010 06:00,91,-10,-8,1024,SE,80.9,10,0
03/01/2010 07:00,86,-10,-9,1024,SE,84.92,11,0
03/01/2010 08:00,82,-10,-9,1024,SE,89.84,12,0
03/01/2010 09:00,86,-11,-9,1023,SE,93.86,13,0
03/01/2010 10:00,78,-11,-9,1023,SE,97.88,15,0
03/01/2010 11:00,98,-11,-9,1022,SE,102.8,16,0
03/01/2010 12:00,107,-11,-9,1021,SE,105.93,17,0
03/01/2010 13:00,90,-11,-9,1020,SE,111.74,19,0
03/01/2010 14:00,96,-11,-9,1020,SE,116.66,20,0
03/01/2010 15:00,95,-11,-9,1020,SE,121.58,21,0
03/01/2010 16:00,86,-11,-9,1020,SE,124.71,22,0
03/01/2010 17:00,70,-11,-9,1020,SE,127.84,23,0
03/01/2010 18:00,61,-11,-9,1021,cv,0.89,24,0
03/01/2010 19:00,53,-11,-9,1022,cv,1.78,25,0
03/01/2010 20:00,71,-10,-9,1022,NW,4.02,26,0
03/01/2010 21:00,72,-11,-10,1023,NW,7.15,27,0
03/01/2010 22:00,76,-11,-9,1023,NW,11.17,0,0
03/01/2010 23:00,73,-12,-11,1023,NW,14.3,0,0
04/01/2010 00:00,79,-14,-12,1023,NW,16.09,0,0
04/01/2010 01:00,58,-16,-9,1023,NW,21.9,0,0
04/01/2010 02:00,25,-17,-10,1024,NW,29.95,0,0
04/01/2010 03:00,26,-18,-11,1024,NW,39.78,0,0
04/01/2010 04:00,28,-19,-11,1025,NW,48.72,0,0
04/01/2010 05:00,26,-20,-12,1026,NW,55.87,0,0
04/01/2010 06:00,20,-21,-12,1027,NW,64.81,0,0
04/01/2010 07:00,29,-21,-13,1027,NW,73.75,0,0
04/01/2010 08:00,26,-22,-13,1028,NW,80.9,0,0
04/01/2010 09:00,27,-22,-13,1029,NW,90.73,0,0
04/01/2010 10:00,27,-22,-12,1030,NW,100.56,0,0
04/01/2010 11:00,25,-23,-12,1031,NW,108.61,0,0
04/01/2010 12:00,29,-21,-11,1030,NW,117.55,0,0
04/01/2010 13:00,32,-20,-10,1030,NW,127.38,0,0
04/01/2010 14:00,28,-21,-10,1030,NW,136.32,0,0
04/01/2010 15:00,29,-21,-9,1030,NW,145.26,0,0
04/01/2010 16:00,30,-21,-9,1031,NW,152.41,0,0
04/01/2010 17:00,30,-20,-11,1032,NW,159.56,0,0
04/01/2010 18:00,28,-23,-11,1032,NW,165.37,0,0
04/01/2010 19:00,26,-21,-12,1033,NW,171.18,0,0
04/01/2010 20:00,31,-24,-12,1034,NW,180.12,0,0
04/01/2010 21:00,33,-24,-13,1034,NW,187.27,0,0
04/01/2010 22:00,29,-24,-13,1035,NW,195.32,0,0
04/01/2010 23:00,31,-26,-15,1035,NW,198.45,0,0
05/01/2010 00:00,30,-26,-17,1035,NW,201.58,0,0
05/01/2010 01:00,34,-26,-18,1035,NW,205.6,0,0
05/01/2010 02:00,27,-26,-19,1035,NW,208.73,0,0
05/01/2010 03:00,25,-27,-18,1035,NW,213.65,0,0
05/01/2010 04:00,28,-27,-19,1035,NW,218.57,0,0
05/01/2010 05:00,28,-27,-16,1034,NE,4.92,0,0
05/01/2010 06:00,27,-26,-16,1035,NE,8.05,0,0
05/01/2010 07:00,27,-27,-16,1034,NE,13.86,0,0
05/01/2010 08:00,27,-26,-16,1035,NE,18.78,0,0
05/01/2010 09:00,29,-26,-15,1035,NE,24.59,0,0
05/01/2010 10:00,36,-25,-14,1035,NE,29.51,0,0
05/01/2010 11:00,30,-25,-13,1035,NE,34.43,0,0
05/01/2010 12:00,27,-25,-12,1034,NE,39.35,0,0
05/01/2010 13:00,39,-24,-11,1032,NE,41.14,0,0
05/01/2010 14:00,41,-22,-11,1032,cv,0.89,0,0
05/01/2010 15:00,33,-23,-11,1031,NW,1.79,0,0
05/01/2010 16:00,50,-24,-11,1031,NW,3.58,0,0
05/01/2010 17:00,56,-23,-11,1031,NW,5.37,0,0
05/01/2010 18:00,59,-23,-11,1032,NW,7.16,0,0
05/01/2010 19:00,60,-22,-13,1033,NW,10.29,0,0
05/01/2010 20:00,84,-22,-12,1033,NW,13.42,0,0
05/01/2010 21:00,106,-24,-18,1033,NW,16.55,0,0
05/01/2010 22:00,66,-22,-13,1034,NW,20.57,0,0
05/01/2010 23:00,50,-22,-16,1033,NW,23.7,0,0
06/01/2010 00:00,56,-25,-17,1033,NW,26.83,0,0
06/01/2010 01:00,77,-25,-14,1033,NE,4.02,0,0
06/01/2010 02:00,50,-26,-14,1034,NE,8.04,0,0
06/01/2010 03:00,44,-26,-14,1033,NE,13.85,0,0
06/01/2010 04:00,27,-26,-14,1033,NE,17.87,0,0
06/01/2010 05:00,28,-26,-14,1033,NE,23.68,0,0
06/01/2010 06:00,21,-26,-14,1033,NE,28.6,0,0
06/01/2010 07:00,25,-26,-15,1034,NE,33.52,0,0
06/01/2010 08:00,20,-26,-14,1034,NE,39.33,0,0
06/01/2010 09:00,29,-25,-13,1035,NE,44.25,0,0
06/01/2010 10:00,34,-25,-12,1035,NE,50.06,0,0
06/01/2010 11:00,42,-24,-11,1035,NE,54.98,0,0
06/01/2010 12:00,28,-24,-10,1034,NE,59,0,0
06/01/2010 13:00,36,-22,-10,1033,NW,4.02,0,0
06/01/2010 14:00,48,-22,-9,1033,NW,5.81,0,0
06/01/2010 15:00,49,-22,-8,1033,cv,0.89,0,0
06/01/2010 16:00,52,-22,-8,1033,NW,1.79,0,0
06/01/2010 17:00,56,-21,-9,1033,NW,3.58,0,0
06/01/2010 18:00,96,-22,-9,1033,NW,5.37,0,0
06/01/2010 19:00,75,-22,-14,1034,cv,0.89,0,0
06/01/2010 20:00,105,-22,-12,1035,NW,1.79,0,0
06/01/2010 21:00,132,-21,-14,1034,NW,3.58,0,0
06/01/2010 22:00,93,-22,-16,1035,NW,5.37,0,0
06/01/2010 23:00,131,-21,-16,1035,NW,7.16,0,0
07/01/2010 00:00,127,-21,-16,1035,NW,8.95,0,0
07/01/2010 01:00,130,-21,-16,1035,cv,0.45,0,0
07/01/2010 02:00,43,-22,-18,1036,cv,1.34,0,0
07/01/2010 03:00,37,-23,-15,1036,NW,4.02,0,0
07/01/2010 04:00,30,-24,-16,1035,NW,7.15,0,0
07/01/2010 05:00,28,-25,-15,1035,NW,10.28,0,0
07/01/2010 06:00,24,-24,-15,1035,NW,14.3,0,0
07/01/2010 07:00,23,-25,-13,1036,NE,4.92,0,0
07/01/2010 08:00,24,-24,-14,1036,NW,4.02,0,0
07/01/2010 09:00,27,-23,-12,1036,NW,8.94,0,0
07/01/2010 10:00,40,-22,-11,1036,NW,12.96,0,0
07/01/2010 11:00,42,-20,-10,1036,NW,16.09,0,0
07/01/2010 12:00,42,-21,-9,1035,NW,19.22,0,0
07/01/2010 13:00,55,-21,-8,1034,NW,21.01,0,0
07/01/2010 14:00,52,-20,-7,1033,NW,22.8,0,0
07/01/2010 15:00,51,-20,-7,1032,NW,24.59,0,0
07/01/2010 16:00,57,-18,-8,1032,NW,26.38,0,0
07/01/2010 17:00,50,-19,-9,1032,NW,28.17,0,0
07/01/2010 18:00,54,-19,-11,1032,NE,0.89,0,0
07/01/2010 19:00,67,-18,-11,1033,NW,1.79,0,0
07/01/2010 20:00,106,-19,-15,1032,NE,1.79,0,0
07/01/2010 21:00,159,-19,-14,1032,cv,0.45,0,0
07/01/2010 22:00,198,-21,-14,1032,cv,1.34,0,0
07/01/2010 23:00,190,-21,-16,1032,cv,2.23,0,0
08/01/2010 00:00,210,-21,-17,1031,NW,1.79,0,0
08/01/2010 01:00,195,-19,-16,1031,NW,3.58,0,0
08/01/2010 02:00,275,-20,-16,1031,NE,0.89,0,0
08/01/2010 03:00,164,-19,-15,1030,SE,0.89,0,0
08/01/2010 04:00,110,-18,-15,1030,cv,0.45,0,0
08/01/2010 05:00,100,-18,-15,1029,cv,1.34,0,0
08/01/2010 06:00,81,-18,-15,1029,NW,1.79,0,0
08/01/2010 07:00,71,-16,-13,1029,NE,0.89,0,0
08/01/2010 08:00,66,-16,-12,1029,SE,0.89,0,0
08/01/2010 09:00,92,-16,-12,1030,SE,1.78,0,0
08/01/2010 10:00,135,-17,-10,1030,NE,0.89,0,0
08/01/2010 11:00,155,-16,-10,1029,cv,0.89,0,0
08/01/2010 12:00,198,-16,-9,1028,SE,3.13,0,0
08/01/2010 13:00,250,-15,-8,1026,SE,4.92,0,0
08/01/2010 14:00,200,-16,-8,1026,cv,0.89,0,0
08/01/2010 15:00,231,-16,-8,1025,cv,1.78,0,0
08/01/2010 16:00,250,-16,-8,1025,cv,2.67,0,0
08/01/2010 17:00,212,-17,-8,1025,SE,0.89,0,0
08/01/2010 18:00,219,-17,-9,1026,cv,0.45,0,0
08/01/2010 19:00,227,-17,-11,1026,cv,1.34,0,0
08/01/2010 20:00,226,-17,-12,1026,cv,1.79,0,0
08/01/2010 21:00,225,-18,-14,1027,NW,1.79,0,0
08/01/2010 22:00,168,-16,-9,1027,NW,4.92,0,0
08/01/2010 23:00,169,-16,-11,1027,NW,6.71,0,0
09/01/2010 00:00,165,-17,-13,1027,cv,0.89,0,0
09/01/2010 01:00,159,-17,-13,1027,NW,3.13,0,0
09/01/2010 02:00,167,-17,-14,1027,NW,4.92,0,0
09/01/2010 03:00,196,-17,-15,1027,NW,8.05,0,0
09/01/2010 04:00,169,-17,-13,1027,NW,9.84,0,0
09/01/2010 05:00,155,-19,-16,1027,NW,13.86,0,0
09/01/2010 06:00,119,-18,-15,1027,NW,17.88,0,0
09/01/2010 07:00,106,-19,-15,1027,NW,21.9,0,0
09/01/2010 08:00,93,-18,-14,1028,NW,25.92,0,0
09/01/2010 09:00,84,-18,-9,1029,NE,5.81,0,0
09/01/2010 10:00,73,-17,-7,1029,NE,11.62,0,0
09/01/2010 11:00,66,-17,-6,1030,NE,17.43,0,0
09/01/2010 12:00,40,-16,-6,1029,NE,23.24,0,0
09/01/2010 13:00,49,-16,-5,1029,NE,28.16,0,0
09/01/2010 14:00,50,-15,-4,1029,NE,33.08,0,0
09/01/2010 15:00,49,-14,-4,1028,NE,37.1,0,0
09/01/2010 16:00,41,-15,-4,1029,NE,38.89,0,0
09/01/2010 17:00,37,-15,-4,1030,NW,1.79,0,0
09/01/2010 18:00,45,-15,-7,1030,NE,3.13,0,0
09/01/2010 19:00,44,-15,-6,1031,NW,3.13,0,0
09/01/2010 20:00,54,-15,-7,1032,NW,4.92,0,0
09/01/2010 21:00,50,-15,-6,1032,NE,3.13,0,0
09/01/2010 22:00,47,-15,-8,1033,cv,0.45,0,0
09/01/2010 23:00,66,-15,-8,1033,cv,0.9,0,0
10/01/2010 00:00,75,-15,-11,1033,NW,0.89,0,0
10/01/2010 01:00,82,-17,-13,1033,NW,1.78,0,0
10/01/2010 02:00,66,-17,-12,1033,NW,4.91,0,0
10/01/2010 03:00,83,-17,-13,1033,NW,8.04,0,0
10/01/2010 04:00,62,-19,-14,1032,NW,9.83,0,0
10/01/2010 05:00,40,-18,-13,1032,NW,12.96,0,0
10/01/2010 06:00,23,-19,-13,1032,NW,16.09,0,0
10/01/2010 07:00,25,-19,-14,1033,NW,19.22,0,0
10/01/2010 08:00,27,-19,-14,1034,NW,22.35,0,0
10/01/2010 09:00,35,-17,-12,1033,NW,24.14,0,0
10/01/2010 10:00,50,-16,-7,1033,NE,4.02,0,0
10/01/2010 11:00,70,-15,-7,1033,NW,3.13,0,0
10/01/2010 12:00,75,-15,-7,1032,NW,6.26,0,0
10/01/2010 13:00,58,-14,-6,1031,NW,9.39,0,0
10/01/2010 14:00,70,-14,-6,1031,NW,12.52,0,0
10/01/2010 15:00,68,-13,-5,1030,NW,14.31,0,0
10/01/2010 16:00,71,-14,-5,1031,NW,16.1,0,0
10/01/2010 17:00,88,-14,-6,1031,NW,19.23,0,0
10/01/2010 18:00,84,-13,-7,1032,NW,23.25,0,0
10/01/2010 19:00,83,-15,-6,1032,NW,27.27,0,0
10/01/2010 20:00,66,-15,-6,1033,NW,30.4,0,0
10/01/2010 21:00,27,-15,-4,1034,NW,35.32,0,0
10/01/2010 22:00,24,-16,-4,1034,NW,44.26,0,0
10/01/2010 23:00,22,-17,-5,1035,NW,52.31,0,0
11/01/2010 00:00,23,-17,-6,1035,NW,60.36,0,0
11/01/2010 01:00,27,-17,-8,1035,cv,0.89,0,0
11/01/2010 02:00,23,-19,-11,1036,NW,4.02,0,0
11/01/2010 03:00,17,-20,-11,1036,NW,8.94,0,0
11/01/2010 04:00,17,-21,-11,1035,NE,4.02,0,0
11/01/2010 05:00,16,-22,-12,1035,NW,3.13,0,0
11/01/2010 06:00,16,-22,-12,1035,NE,4.92,0,0
11/01/2010 07:00,20,-22,-13,1036,NW,5.81,0,0
11/01/2010 08:00,20,-22,-9,1036,NW,13.86,0,0
11/01/2010 09:00,18,-22,-10,1036,NW,21.91,0,0
11/01/2010 10:00,25,-22,-9,1036,NW,29.06,0,0
11/01/2010 11:00,26,-21,-9,1036,NW,33.08,0,0
11/01/2010 12:00,27,-20,-6,1035,NW,42.02,0,0
11/01/2010 13:00,28,-19,-5,1034,NW,50.96,0,0
11/01/2010 14:00,15,-19,-5,1033,NW,59.01,0,0
11/01/2010 15:00,24,-20,-5,1033,NW,66.16,0,0
11/01/2010 16:00,13,-20,-5,1032,NW,71.97,0,0
11/01/2010 17:00,13,-20,-5,1033,NW,76.89,0,0
11/01/2010 18:00,13,-20,-7,1033,NW,81.81,0,0
11/01/2010 19:00,17,-22,-7,1033,NW,85.83,0,0
11/01/2010 20:00,20,-22,-8,1033,NW,89.85,0,0
11/01/2010 21:00,27,-23,-10,1033,NW,91.64,0,0
11/01/2010 22:00,20,-23,-13,1033,NW,93.43,0,0
11/01/2010 23:00,15,-22,-12,1032,cv,0.89,0,0
12/01/2010 00:00,21,-22,-15,1031,cv,1.78,0,0
12/01/2010 01:00,21,-22,-14,1031,NE,1.79,0,0
12/01/2010 02:00,37,-22,-14,1031,NW,0.89,0,0
12/01/2010 03:00,26,-24,-18,1030,NE,1.79,0,0
12/01/2010 04:00,15,-24,-13,1030,NE,3.58,0,0
12/01/2010 05:00,9,-25,-14,1030,NW,3.13,0,0
12/01/2010 06:00,11,-24,-14,1030,NW,7.15,0,0
12/01/2010 07:00,11,-25,-12,1030,NW,12.96,0,0
12/01/2010 08:00,16,-26,-14,1030,NW,16.98,0,0
12/01/2010 09:00,13,-25,-12,1031,NW,21,0,0
12/01/2010 10:00,15,-25,-11,1031,NW,26.81,0,0
12/01/2010 11:00,21,-24,-11,1030,NW,35.75,0,0
12/01/2010 12:00,24,-23,-11,1029,NW,47.82,0,0
12/01/2010 13:00,22,-22,-11,1029,NW,63.02,0,0
12/01/2010 14:00,22,-23,-11,1029,NW,75.98,0,0
12/01/2010 15:00,22,-22,-11,1029,NW,88.05,0,0
12/01/2010 16:00,19,-23,-11,1030,NW,101.01,0,0
12/01/2010 17:00,23,-24,-11,1030,NW,109.06,0,0
12/01/2010 18:00,25,-24,-11,1032,NW,118,0,0
12/01/2010 19:00,25,-23,-11,1032,NW,126.05,0,0
12/01/2010 20:00,31,-23,-12,1032,NW,134.1,0,0
12/01/2010 21:00,25,-24,-12,1033,NW,142.15,0,0
12/01/2010 22:00,22,-23,-12,1033,NW,150.2,0,0
12/01/2010 23:00,22,-23,-12,1034,NW,160.03,0,0
13/01/2010 00:00,15,-24,-12,1034,NW,169.86,0,0
13/01/2010 01:00,16,-24,-12,1033,NW,178.8,0,0
13/01/2010 02:00,11,-25,-12,1033,NW,189.98,0,0
13/01/2010 03:00,11,-24,-13,1033,NW,198.03,0,0
13/01/2010 04:00,12,-25,-12,1032,NW,205.18,0,0
13/01/2010 05:00,11,-25,-12,1033,NW,215.01,0,0
13/01/2010 06:00,12,-25,-12,1032,NW,226.19,0,0
13/01/2010 07:00,27,-25,-12,1032,NW,235.13,0,0
13/01/2010 08:00,28,-25,-12,1032,NW,243.18,0,0
13/01/2010 09:00,34,-23,-11,1033,NW,252.12,0,0
13/01/2010 10:00,33,-23,-10,1033,NW,257.93,0,0
13/01/2010 11:00,36,-22,-9,1033,NW,263.74,0,0
13/01/2010 12:00,26,-21,-8,1031,NW,270.89,0,0
13/01/2010 13:00,49,-21,-6,1030,NW,278.94,0,0
13/01/2010 14:00,52,-20,-5,1029,NW,286.99,0,0
13/01/2010 15:00,47,-22,-5,1028,NW,294.14,0,0
13/01/2010 16:00,47,-21,-5,1028,NW,299.06,0,0
13/01/2010 17:00,39,-19,-7,1028,SE,1.79,0,0
13/01/2010 18:00,59,-19,-8,1028,cv,0.45,0,0
13/01/2010 19:00,76,-20,-9,1028,cv,1.34,0,0
13/01/2010 20:00,96,-19,-10,1027,SE,1.79,0,0
13/01/2010 21:00,95,-19,-13,1027,cv,0.89,0,0
13/01/2010 22:00,68,-18,-12,1027,cv,1.78,0,0
13/01/2010 23:00,65,-18,-13,1027,NE,0.89,0,0
14/01/2010 00:00,75,-18,-14,1026,NE,1.78,0,0
14/01/2010 01:00,257,-20,-15,1025,NE,2.67,0,0
14/01/2010 02:00,174,-20,-15,1025,NW,0.89,0,0
14/01/2010 03:00,164,-20,-16,1025,NW,1.78,0,0
14/01/2010 04:00,161,-20,-16,1024,NW,3.57,0,0
14/01/2010 05:00,137,-21,-17,1024,NW,6.7,0,0
14/01/2010 06:00,92,-19,-14,1023,NW,10.72,0,0
14/01/2010 07:00,64,-21,-17,1023,NW,13.85,0,0
14/01/2010 08:00,87,-19,-15,1024,NW,15.64,0,0
14/01/2010 09:00,87,-19,-14,1024,NW,18.77,0,0
14/01/2010 10:00,84,-18,-10,1024,NW,22.79,0,0
14/01/2010 11:00,95,-17,-9,1023,NW,24.58,0,0
14/01/2010 12:00,79,-16,-6,1023,NW,26.37,0,0
14/01/2010 13:00,75,-17,-5,1022,NW,28.16,0,0
14/01/2010 14:00,79,-16,-5,1022,NW,29.95,0,0
14/01/2010 15:00,86,-15,-4,1022,NW,33.08,0,0
14/01/2010 16:00,72,-16,-4,1023,cv,0.89,0,0
14/01/2010 17:00,89,-15,-5,1025,SE,1.79,0,0
14/01/2010 18:00,94,-14,-3,1026,NW,5.81,0,0
14/01/2010 19:00,69,-16,-3,1027,NW,11.62,0,0
14/01/2010 20:00,49,-15,-4,1029,NW,20.56,0,0
14/01/2010 21:00,33,-16,-5,1031,NW,24.58,0,0
14/01/2010 22:00,27,-17,-6,1032,NE,3.13,0,0
14/01/2010 23:00,20,-18,-6,1033,NE,8.05,0,0
15/01/2010 00:00,36,-19,-7,1034,NE,13.86,0,0
15/01/2010 01:00,37,-17,-8,1035,NW,5.81,0,0
15/01/2010 02:00,30,-18,-10,1035,NW,11.62,0,0
15/01/2010 03:00,18,-19,-10,1036,NW,14.75,0,0
15/01/2010 04:00,21,-19,-9,1036,NW,19.67,0,0
15/01/2010 05:00,13,-19,-9,1036,NE,7.15,0,0
15/01/2010 06:00,23,-20,-9,1037,NE,12.96,0,0
15/01/2010 07:00,26,-19,-9,1037,NE,18.77,0,0
15/01/2010 08:00,27,-19,-8,1038,NE,22.79,0,0
15/01/2010 09:00,30,-19,-8,1039,NE,28.6,0,0
15/01/2010 10:00,28,-19,-7,1039,NE,35.75,0,0
15/01/2010 11:00,26,-18,-6,1039,NE,41.56,0,0
15/01/2010 12:00,26,-18,-5,1039,NE,45.58,0,0
15/01/2010 13:00,31,-17,-4,1038,NW,1.79,0,0
15/01/2010 14:00,35,-16,-3,1037,cv,0.89,0,0
15/01/2010 15:00,36,-17,-3,1037,cv,1.78,0,0
15/01/2010 16:00,37,-17,-2,1037,cv,2.23,0,0
15/01/2010 17:00,64,-15,-5,1036,SE,0.89,0,0
15/01/2010 18:00,83,-15,-6,1036,cv,0.89,0,0
15/01/2010 19:00,91,-15,-6,1037,cv,1.78,0,0
15/01/2010 20:00,90,-14,-6,1037,SE,1.79,0,0
15/01/2010 21:00,102,-14,-8,1036,SE,3.58,0,0
15/01/2010 22:00,94,-14,-10,1037,cv,0.89,0,0
15/01/2010 23:00,87,-15,-11,1036,cv,1.78,0,0
16/01/2010 00:00,141,-15,-11,1036,cv,2.67,0,0
16/01/2010 01:00,211,-16,-13,1036,NE,0.89,0,0
16/01/2010 02:00,242,-16,-12,1036,cv,0.89,0,0
16/01/2010 03:00,271,-16,-13,1035,NE,0.89,0,0
16/01/2010 04:00,249,-15,-12,1035,NE,1.78,0,0
16/01/2010 05:00,200,-14,-10,1034,NW,1.79,0,0
16/01/2010 06:00,147,-15,-10,1034,NW,2.68,0,0
16/01/2010 07:00,114,-15,-11,1034,NW,4.47,0,0
16/01/2010 08:00,102,-15,-11,1034,NW,6.26,0,0
16/01/2010 09:00,108,-14,-9,1034,NW,8.05,0,0
16/01/2010 10:00,135,-14,-9,1034,NW,9.84,0,0
16/01/2010 11:00,120,-13,-6,1034,cv,0.89,0,0
16/01/2010 12:00,148,-13,-5,1033,NW,1.79,0,0
16/01/2010 13:00,127,-12,-4,1031,cv,0.89,0,0
16/01/2010 14:00,128,-12,-3,1031,cv,1.78,0,0
16/01/2010 15:00,140,-12,-3,1030,cv,2.67,0,0
16/01/2010 16:00,148,-11,-3,1030,cv,3.56,0,0
16/01/2010 17:00,150,-11,-4,1031,NE,0.89,0,0
16/01/2010 18:00,154,-12,-7,1031,cv,0.89,0,0
16/01/2010 19:00,197,-12,-7,1032,cv,1.78,0,0
16/01/2010 20:00,235,-12,-8,1032,cv,2.23,0,0
16/01/2010 21:00,261,-12,-9,1032,cv,3.12,0,0
16/01/2010 22:00,269,-13,-11,1032,NW,0.89,0,0
16/01/2010 23:00,266,-14,-11,1032,NW,2.68,0,0
17/01/2010 00:00,263,-15,-12,1032,NW,5.81,0,0
17/01/2010 01:00,241,-14,-11,1032,cv,0.45,0,0
17/01/2010 02:00,205,-14,-11,1031,cv,1.34,0,0
17/01/2010 03:00,160,-14,-12,1031,NW,1.79,0,0
17/01/2010 04:00,150,-14,-12,1031,NW,3.58,0,0
17/01/2010 05:00,148,-14,-10,1030,NW,6.71,0,0
17/01/2010 06:00,208,-14,-11,1030,NW,9.84,0,0
17/01/2010 07:00,209,-15,-10,1030,NW,11.63,0,0
17/01/2010 08:00,183,-13,-10,1030,NW,14.76,0,0
17/01/2010 09:00,161,-13,-8,1030,NW,17.89,0,0
17/01/2010 10:00,182,-12,-6,1030,cv,0.45,0,0
17/01/2010 11:00,230,-11,-5,1030,cv,1.34,0,0
17/01/2010 12:00,170,-11,-4,1029,cv,2.23,0,0
17/01/2010 13:00,172,-11,-3,1028,cv,3.12,0,0
17/01/2010 14:00,154,-10,-1,1027,cv,4.01,0,0
17/01/2010 15:00,166,-11,-1,1027,cv,4.46,0,0
17/01/2010 16:00,177,-10,-1,1026,SE,0.89,0,0
17/01/2010 17:00,191,-10,-3,1026,SE,1.78,0,0
17/01/2010 18:00,212,-10,-5,1027,SE,2.67,0,0
17/01/2010 19:00,250,-10,-6,1027,NE,0.89,0,0
17/01/2010 20:00,268,-11,-7,1027,cv,0.45,0,0
17/01/2010 21:00,317,-10,-7,1027,cv,0.9,0,0
17/01/2010 22:00,291,-11,-9,1027,cv,1.35,0,0
17/01/2010 23:00,313,-12,-9,1027,NE,0.89,0,0
18/01/2010 00:00,282,-12,-10,1028,cv,0.89,0,0
18/01/2010 01:00,282,-13,-11,1028,NW,3.13,0,0
18/01/2010 02:00,303,-11,-9,1028,NW,4.92,0,0
18/01/2010 03:00,349,-13,-10,1028,NW,6.71,0,0
18/01/2010 04:00,407,-13,-11,1028,NW,7.6,0,0
18/01/2010 05:00,361,-13,-11,1027,NE,1.79,0,0
18/01/2010 06:00,234,-14,-11,1028,NW,0.89,0,0
18/01/2010 07:00,149,-14,-11,1028,NW,4.02,0,0
18/01/2010 08:00,147,-14,-11,1028,NW,5.81,0,0
18/01/2010 09:00,184,-11,-6,1028,NW,9.83,0,0
18/01/2010 10:00,161,-10,-5,1028,NW,11.62,0,0
18/01/2010 11:00,137,-9,-3,1028,NW,13.41,0,0
18/01/2010 12:00,146,-8,-1,1027,NW,15.2,0,0
18/01/2010 13:00,144,-9,0,1026,NW,16.99,0,0
18/01/2010 14:00,154,-9,1,1025,NE,1.79,0,0
18/01/2010 15:00,173,-9,1,1025,cv,0.89,0,0
18/01/2010 16:00,188,-8,1,1025,SE,0.89,0,0
18/01/2010 17:00,203,-7,-1,1025,SE,2.68,0,0
18/01/2010 18:00,233,-7,-2,1025,cv,0.89,0,0
18/01/2010 19:00,408,-7,-3,1025,SE,0.89,0,0
18/01/2010 20:00,435,-5,-2,1026,cv,0.89,0,0
18/01/2010 21:00,403,-5,-1,1026,NW,1.79,0,0
18/01/2010 22:00,360,-5,-1,1026,NW,3.58,0,0
18/01/2010 23:00,402,-6,-1,1026,cv,0.89,0,0
19/01/2010 00:00,358,-4,-1,1025,NW,1.79,0,0
19/01/2010 01:00,383,-5,-1,1024,NW,4.92,0,0
19/01/2010 02:00,332,-5,-1,1024,NW,6.71,0,0
19/01/2010 03:00,274,-5,-1,1023,NW,8.5,0,0
19/01/2010 04:00,256,-4,-1,1022,NW,10.29,0,0
19/01/2010 05:00,302,-4,-1,1021,NW,11.18,0,0
19/01/2010 06:00,330,-4,-1,1021,NW,12.07,0,0
19/01/2010 07:00,367,-4,-1,1021,NW,13.86,0,0
19/01/2010 08:00,297,-4,0,1021,cv,0.89,0,0
19/01/2010 09:00,331,-4,0,1021,NW,1.79,0,0
19/01/2010 10:00,323,-4,0,1021,cv,0.89,0,0
19/01/2010 11:00,339,-5,1,1021,NW,1.79,0,0
19/01/2010 12:00,301,-5,1,1020,cv,0.89,0,0
19/01/2010 13:00,310,-4,1,1019,cv,1.34,0,0
19/01/2010 14:00,305,-4,1,1018,NE,0.89,0,0
19/01/2010 15:00,313,-3,2,1018,NE,0.45,0,0
19/01/2010 16:00,336,-3,2,1018,cv,1.34,0,0
19/01/2010 17:00,357,-2,2,1018,SE,0.89,0,0
19/01/2010 18:00,485,-3,1,1018,SE,0.89,0,0
19/01/2010 19:00,426,-3,2,1020,SE,1.79,0,0
19/01/2010 20:00,403,-3,1,1020,NW,4.92,0,0
19/01/2010 21:00,374,-3,0,1021,NW,6.71,0,0
19/01/2010 22:00,333,-3,0,1021,NW,8.5,0,0
19/01/2010 23:00,343,-3,1,1020,NW,11.63,0,0
20/01/2010 00:00,364,-2,0,1021,NW,14.76,0,0
20/01/2010 01:00,389,-2,-1,1022,NW,16.55,0,0
20/01/2010 02:00,368,-4,-2,1022,NW,19.68,0,0
20/01/2010 03:00,267,-2,-1,1023,NW,25.49,0,0
20/01/2010 04:00,71,-3,1,1023,NW,28.62,0,0
20/01/2010 05:00,81,-3,0,1024,NW,31.75,0,0
20/01/2010 06:00,51,-5,2,1026,NW,36.67,0,0
20/01/2010 07:00,49,-9,1,1027,NW,41.59,0,0
20/01/2010 08:00,44,-10,0,1028,NW,48.74,0,0
20/01/2010 09:00,45,-10,0,1030,NW,55.89,0,0
20/01/2010 10:00,35,-11,1,1032,NW,63.04,0,0
20/01/2010 11:00,29,-13,0,1033,NW,71.09,0,0
20/01/2010 12:00,27,-13,0,1033,NW,78.24,0,0
20/01/2010 13:00,29,-13,-1,1033,NE,8.05,0,0
20/01/2010 14:00,16,-13,-1,1032,NW,7.15,0,0
20/01/2010 15:00,23,-15,-1,1032,NE,5.81,0,0
20/01/2010 16:00,28,-14,-1,1033,NW,5.81,0,0
20/01/2010 17:00,22,-15,-2,1033,NW,12.96,0,0
20/01/2010 18:00,11,-16,-3,1034,NW,21.01,0,0
20/01/2010 19:00,25,-17,-4,1035,NW,28.16,0,0
20/01/2010 20:00,16,-19,-3,1036,NW,37.99,0,0
20/01/2010 21:00,20,-18,-4,1037,NW,46.93,0,0
20/01/2010 22:00,20,-19,-4,1038,NW,55.87,0,0
20/01/2010 23:00,18,-19,-5,1038,NW,65.7,0,0
21/01/2010 00:00,18,-20,-6,1038,NW,75.53,0,0
21/01/2010 01:00,17,-20,-6,1038,NW,85.36,0,0
21/01/2010 02:00,17,-20,-7,1038,NW,95.19,0,0
21/01/2010 03:00,17,-22,-8,1038,NW,103.24,0,0
21/01/2010 04:00,15,-23,-8,1038,NW,111.29,0,0
21/01/2010 05:00,19,-24,-9,1038,NW,118.44,0,0
21/01/2010 06:00,16,-24,-9,1038,NW,128.27,0,0
21/01/2010 07:00,18,-25,-9,1038,NW,138.1,0,0
21/01/2010 08:00,18,-25,-8,1039,NW,147.04,0,0
21/01/2010 09:00,18,-25,-8,1039,NW,155.98,0,0
21/01/2010 10:00,26,-22,-7,1039,NW,160.9,0,0
21/01/2010 11:00,26,-22,-7,1038,NE,3.13,0,0
21/01/2010 12:00,25,-22,-5,1037,NW,4.02,0,0
21/01/2010 13:00,24,-21,-5,1035,NE,3.13,0,0
21/01/2010 14:00,15,-21,-4,1034,SE,1.79,0,0
21/01/2010 15:00,17,-20,-3,1034,NE,1.79,0,0
21/01/2010 16:00,15,-21,-2,1033,NW,4.92,0,0
21/01/2010 17:00,21,-20,-2,1033,NW,10.73,0,0
21/01/2010 18:00,40,-20,-2,1034,NW,15.65,0,0
21/01/2010 19:00,51,-19,-3,1034,NW,21.46,0,0
21/01/2010 20:00,45,-19,-3,1035,NW,25.48,0,0
21/01/2010 21:00,61,-17,-8,1035,NE,0.89,0,0
21/01/2010 22:00,72,-18,-9,1035,NW,1.79,0,0
21/01/2010 23:00,38,-18,-9,1035,NW,3.58,0,0
22/01/2010 00:00,35,-18,-6,1036,NW,7.6,0,0
22/01/2010 01:00,29,-20,-4,1037,NW,17.43,0,0
22/01/2010 02:00,26,-21,-5,1037,NW,27.26,0,0
22/01/2010 03:00,18,-21,-6,1037,NW,35.31,0,0
22/01/2010 04:00,15,-20,-7,1036,NW,42.46,0,0
22/01/2010 05:00,15,-20,-7,1035,NW,48.27,0,0
22/01/2010 06:00,22,-20,-7,1035,NW,54.08,0,0
22/01/2010 07:00,21,-20,-7,1036,NW,59,0,0
22/01/2010 08:00,19,-19,-7,1036,NW,63.92,0,0
22/01/2010 09:00,22,-20,-5,1036,NW,67.94,0,0
22/01/2010 10:00,25,-19,-4,1036,NW,75.09,0,0
22/01/2010 11:00,22,-19,-4,1036,NW,84.03,0,0
22/01/2010 12:00,26,-19,-3,1035,NW,95.21,0,0
22/01/2010 13:00,32,-18,-3,1034,NW,105.04,0,0
22/01/2010 14:00,30,-19,-2,1033,NW,114.87,0,0
22/01/2010 15:00,32,-18,-2,1032,NW,124.7,0,0
22/01/2010 16:00,30,-18,-2,1032,NW,133.64,0,0
22/01/2010 17:00,32,-18,-2,1032,NW,139.45,0,0
22/01/2010 18:00,37,-18,-3,1032,NW,144.37,0,0
22/01/2010 19:00,49,-17,-5,1033,NW,149.29,0,0
22/01/2010 20:00,47,-18,-4,1033,NW,153.31,0,0
22/01/2010 21:00,39,-17,-4,1032,NW,159.12,0,0
22/01/2010 22:00,35,-17,-4,1032,NW,164.04,0,0
22/01/2010 23:00,48,-17,-7,1032,NW,168.06,0,0
23/01/2010 00:00,49,-17,-4,1033,NW,172.08,0,0
23/01/2010 01:00,24,-17,-8,1033,cv,0.89,0,0
23/01/2010 02:00,23,-17,-5,1032,NW,4.92,0,0
23/01/2010 03:00,20,-18,-6,1032,NW,8.05,0,0
23/01/2010 04:00,19,-18,-5,1031,NW,12.97,0,0
23/01/2010 05:00,16,-18,-6,1031,NW,16.1,0,0
23/01/2010 06:00,22,-18,-7,1031,NW,20.12,0,0
23/01/2010 07:00,24,-18,-7,1031,NW,24.14,0,0
23/01/2010 08:00,24,-18,-6,1031,NW,25.93,0,0
23/01/2010 09:00,41,-18,-2,1031,NW,30.85,0,0
23/01/2010 10:00,23,-17,-1,1031,NW,38.9,0,0
23/01/2010 11:00,19,-17,0,1030,NW,46.95,0,0
23/01/2010 12:00,15,-19,1,1029,NW,55,0,0
23/01/2010 13:00,19,-20,2,1027,NW,63.05,0,0
23/01/2010 14:00,17,-19,2,1025,NW,71.1,0,0
23/01/2010 15:00,17,-19,3,1024,NW,79.15,0,0
23/01/2010 16:00,22,-19,3,1024,NW,86.3,0,0
23/01/2010 17:00,102,-18,2,1024,NW,91.22,0,0
23/01/2010 18:00,8,-18,1,1024,NW,96.14,0,0
23/01/2010 19:00,19,-17,0,1024,NW,100.16,0,0
23/01/2010 20:00,155,-18,0,1024,SE,1.79,0,0
23/01/2010 21:00,167,-15,-3,1024,cv,0.89,0,0
23/01/2010 22:00,59,-16,0,1023,NW,1.79,0,0
23/01/2010 23:00,92,-16,0,1023,NW,4.92,0,0
24/01/2010 00:00,35,-15,-2,1022,NW,6.71,0,0
24/01/2010 01:00,195,-14,-7,1022,cv,0.45,0,0
24/01/2010 02:00,90,-14,-8,1021,NW,1.79,0,0
24/01/2010 03:00,102,-16,-11,1021,NW,3.58,0,0
24/01/2010 04:00,127,-14,-9,1019,NW,4.47,0,0
24/01/2010 05:00,99,-15,-10,1019,cv,0.89,0,0
24/01/2010 06:00,30,-16,-12,1019,SE,0.89,0,0
24/01/2010 07:00,115,-15,-12,1019,cv,0.89,0,0
24/01/2010 08:00,264,-16,-13,1019,NE,1.79,0,0
24/01/2010 09:00,75,-13,-7,1020,cv,0.89,0,0
24/01/2010 10:00,180,-12,-4,1019,cv,1.78,0,0
24/01/2010 11:00,65,-13,0,1019,cv,2.67,0,0
24/01/2010 12:00,318,-16,4,1018,NW,4.02,0,0
24/01/2010 13:00,165,-19,5,1017,NW,13.85,0,0
24/01/2010 14:00,16,-18,5,1017,NW,22.79,0,0
24/01/2010 15:00,16,-19,5,1017,NW,32.62,0,0
24/01/2010 16:00,11,-20,5,1018,NW,40.67,0,0
24/01/2010 17:00,32,-19,3,1020,NW,49.61,0,0
24/01/2010 18:00,61,-18,1,1023,NW,61.68,0,0
24/01/2010 19:00,15,-20,-1,1027,NW,76.88,0,0
24/01/2010 20:00,9,-20,-2,1028,NW,89.84,0,0
24/01/2010 21:00,19,-21,-3,1029,NW,98.78,0,0
24/01/2010 22:00,21,-25,-4,1030,NW,113.98,0,0
24/01/2010 23:00,7,-26,-5,1031,NW,129.18,0,0
25/01/2010 00:00,18,-25,-5,1031,NW,141.25,0,0
25/01/2010 01:00,23,-25,-6,1031,NW,150.19,0,0
25/01/2010 02:00,16,-24,-6,1032,NW,162.26,0,0
25/01/2010 03:00,12,-24,-6,1033,NW,172.09,0,0
25/01/2010 04:00,27,-23,-6,1033,NW,181.92,0,0
25/01/2010 05:00,13,-22,-7,1033,NW,187.73,0,0
25/01/2010 06:00,30,-21,-7,1033,NW,192.65,0,0
25/01/2010 07:00,39,-21,-7,1034,NW,196.67,0,0
25/01/2010 08:00,19,-21,-6,1035,NW,201.59,0,0
25/01/2010 09:00,13,-21,-4,1036,NW,207.4,0,0
25/01/2010 10:00,12,-22,-3,1036,NW,216.34,0,0
25/01/2010 11:00,86,-22,-2,1036,NW,222.15,0,0
25/01/2010 12:00,12,-23,-1,1035,NW,230.2,0,0
25/01/2010 13:00,18,-26,1,1033,NW,238.25,0,0
25/01/2010 14:00,22,-25,2,1032,NW,245.4,0,0
25/01/2010 15:00,17,-25,2,1031,NW,252.55,0,0
25/01/2010 16:00,10,-24,2,1031,NW,257.47,0,0
25/01/2010 17:00,11,-22,1,1031,SE,4.02,0,0
25/01/2010 18:00,20,-19,-1,1031,SE,7.15,0,0
25/01/2010 19:00,14,-19,-1,1031,SE,10.28,0,0
25/01/2010 20:00,236,-17,-4,1031,SE,12.07,0,0
25/01/2010 21:00,7,-18,-1,1031,SE,15.2,0,0
25/01/2010 22:00,31,-18,-5,1030,cv,0.89,0,0
25/01/2010 23:00,6,-18,-3,1030,SE,3.13,0,0
26/01/2010 00:00,36,-16,-9,1030,cv,0.89,0,0
26/01/2010 01:00,71,-16,-8,1029,cv,1.78,0,0
26/01/2010 02:00,104,-16,-11,1029,cv,2.23,0,0
26/01/2010 03:00,235,-16,-12,1029,cv,3.12,0,0
26/01/2010 04:00,161,-16,-10,1028,NW,3.13,0,0
26/01/2010 05:00,77,-17,-10,1028,NW,4.92,0,0
26/01/2010 06:00,41,-17,-12,1027,NW,6.71,0,0
26/01/2010 07:00,204,-17,-10,1027,NW,8.5,0,0
26/01/2010 08:00,66,-18,-13,1028,NE,1.79,0,0
26/01/2010 09:00,302,-16,-8,1028,NW,4.02,0,0
26/01/2010 10:00,135,-16,-6,1027,NW,5.81,0,0
26/01/2010 11:00,27,-15,-3,1027,cv,0.89,0,0
26/01/2010 12:00,88,-15,-1,1025,SE,1.79,0,0
26/01/2010 13:00,85,-18,0,1024,SE,3.58,0,0
26/01/2010 14:00,90,-19,1,1023,cv,0.89,0,0
26/01/2010 15:00,127,-18,2,1021,SE,1.79,0,0
26/01/2010 16:00,144,-17,1,1021,SE,4.92,0,0
26/01/2010 17:00,203,-14,-1,1021,SE,5.81,0,0
26/01/2010 18:00,199,-13,-3,1021,SE,6.7,0,0
26/01/2010 19:00,231,-13,-3,1021,cv,0.89,0,0
26/01/2010 20:00,274,-11,-5,1020,NE,0.89,0,0
26/01/2010 21:00,340,-13,-6,1020,NW,1.79,0,0
26/01/2010 22:00,298,-11,-5,1020,cv,0.89,0,0
26/01/2010 23:00,268,-11,-4,1019,NW,1.79,0,0
27/01/2010 00:00,299,-11,-4,1019,NW,3.58,0,0
27/01/2010 01:00,300,-12,-3,1018,NW,5.37,0,0
27/01/2010 02:00,240,-11,-4,1017,NW,7.16,0,0
27/01/2010 03:00,213,-11,-4,1016,NW,10.29,0,0
27/01/2010 04:00,171,-12,-3,1016,NW,12.08,0,0
27/01/2010 05:00,153,-11,-4,1016,NW,15.21,0,0
27/01/2010 06:00,153,-11,-5,1015,NW,17,0,0
27/01/2010 07:00,140,-11,-4,1015,NW,18.79,0,0
27/01/2010 08:00,147,-11,-3,1015,NE,3.13,0,0
27/01/2010 09:00,158,-10,-1,1015,NE,6.26,0,0
27/01/2010 10:00,153,-9,1,1015,NE,9.39,0,0
27/01/2010 11:00,154,-9,3,1015,NW,1.79,0,0
27/01/2010 12:00,143,-9,4,1014,NW,4.92,0,0
27/01/2010 13:00,90,-9,6,1013,NW,8.05,0,0
27/01/2010 14:00,55,-13,8,1012,NW,16.1,0,0
27/01/2010 15:00,52,-14,8,1013,NW,24.15,0,0
27/01/2010 16:00,41,-14,7,1014,NW,32.2,0,0
27/01/2010 17:00,29,-13,7,1015,NW,39.35,0,0
27/01/2010 18:00,37,-13,5,1016,NW,47.4,0,0
27/01/2010 19:00,49,-12,4,1018,NW,52.32,0,0
27/01/2010 20:00,56,-13,3,1019,NW,56.34,0,0
27/01/2010 21:00,38,-14,3,1020,NW,62.15,0,0
27/01/2010 22:00,37,-14,3,1021,NW,67.96,0,0
27/01/2010 23:00,28,-14,0,1022,NW,71.98,0,0
28/01/2010 00:00,20,-13,-1,1023,NW,76.9,0,0
28/01/2010 01:00,22,-15,-1,1023,NE,7.15,0,0
28/01/2010 02:00,27,-15,-1,1024,NE,12.07,0,0
28/01/2010 03:00,34,-15,-2,1025,NE,16.09,0,0
28/01/2010 04:00,27,-15,-2,1025,NE,21.01,0,0
28/01/2010 05:00,32,-15,-3,1025,NE,25.03,0,0
28/01/2010 06:00,28,-15,-3,1025,NW,3.13,0,0
28/01/2010 07:00,28,-15,-3,1026,NW,8.05,0,0
28/01/2010 08:00,18,-16,-3,1027,NW,12.97,0,0
28/01/2010 09:00,17,-17,-2,1028,NW,20.12,0,0
28/01/2010 10:00,16,-18,-2,1029,NW,25.93,0,0
28/01/2010 11:00,18,-19,-1,1028,NW,35.76,0,0
28/01/2010 12:00,16,-21,1,1027,NW,44.7,0,0
28/01/2010 13:00,12,-24,1,1026,NW,53.64,0,0
28/01/2010 14:00,13,-25,1,1026,NW,62.58,0,0
28/01/2010 15:00,23,-25,1,1026,NW,72.41,0,0
28/01/2010 16:00,21,-24,1,1026,NW,82.24,0,0
28/01/2010 17:00,13,-25,0,1026,NW,91.18,0,0
28/01/2010 18:00,14,-22,0,1027,NW,99.23,0,0
28/01/2010 19:00,23,-20,-1,1027,NW,103.25,0,0
28/01/2010 20:00,16,-21,-1,1027,NW,105.04,0,0
28/01/2010 21:00,25,-21,-4,1028,NE,0.89,0,0
28/01/2010 22:00,20,-21,-2,1027,NW,4.02,0,0
28/01/2010 23:00,25,-22,-2,1027,NW,7.15,0,0
29/01/2010 00:00,19,-22,-1,1027,NW,12.07,0,0
29/01/2010 01:00,24,-21,-4,1027,NW,15.2,0,0
29/01/2010 02:00,25,-21,-4,1026,cv,0.89,0,0
29/01/2010 03:00,20,-19,-8,1026,NE,1.79,0,0
29/01/2010 04:00,24,-20,-7,1025,cv,0.89,0,0
29/01/2010 05:00,17,-20,-8,1024,NW,1.79,0,0
29/01/2010 06:00,10,-18,-10,1024,cv,0.89,0,0
29/01/2010 07:00,11,-21,-2,1024,NW,4.02,0,0
29/01/2010 08:00,16,-21,-1,1025,NW,9.83,0,0
29/01/2010 09:00,20,-24,1,1025,NW,17.88,0,0
29/01/2010 10:00,13,-25,2,1025,NW,26.82,0,0
29/01/2010 11:00,12,-24,3,1024,NW,33.97,0,0
29/01/2010 12:00,12,-25,4,1023,NW,42.02,0,0
29/01/2010 13:00,12,-24,5,1022,NW,50.07,0,0
29/01/2010 14:00,12,-25,6,1020,NW,57.22,0,0
29/01/2010 15:00,31,-25,6,1020,NW,65.27,0,0
29/01/2010 16:00,36,-23,6,1020,NW,72.42,0,0
29/01/2010 17:00,42,-22,5,1020,NW,78.23,0,0
29/01/2010 18:00,52,-21,5,1020,NW,84.04,0,0
29/01/2010 19:00,26,-20,5,1020,NW,89.85,0,0
29/01/2010 20:00,24,-20,3,1020,NW,93.87,0,0
29/01/2010 21:00,25,-20,3,1020,NW,97.89,0,0
29/01/2010 22:00,43,-19,3,1021,NW,101.02,0,0
29/01/2010 23:00,47,-19,3,1020,NW,105.94,0,0
30/01/2010 00:00,61,-18,0,1020,NW,109.96,0,0
30/01/2010 01:00,66,-18,0,1020,NW,114.88,0,0
30/01/2010 02:00,65,-15,-1,1020,cv,1.79,0,0
30/01/2010 03:00,70,-15,-2,1020,NW,0.89,0,0
30/01/2010 04:00,36,-16,-1,1020,NW,4.02,0,0
30/01/2010 05:00,37,-16,-4,1019,NW,8.94,0,0
30/01/2010 06:00,22,-15,-5,1020,cv,0.89,0,0
30/01/2010 07:00,24,-16,-5,1020,NW,3.13,0,0
30/01/2010 08:00,29,-15,-6,1021,cv,0.89,0,0
30/01/2010 09:00,35,-15,0,1021,NW,4.02,0,0
30/01/2010 10:00,35,-18,3,1021,NW,8.04,0,0
30/01/2010 11:00,33,-21,5,1020,NW,12.96,0,0
30/01/2010 12:00,32,-22,6,1020,NW,18.77,0,0
30/01/2010 13:00,25,-22,7,1019,NW,25.92,0,0
30/01/2010 14:00,16,-22,7,1018,NW,35.75,0,0
30/01/2010 15:00,26,-23,7,1018,NW,45.58,0,0
30/01/2010 16:00,32,-23,7,1017,NW,52.73,0,0
30/01/2010 17:00,36,-22,6,1018,NW,58.54,0,0
30/01/2010 18:00,37,-21,5,1018,NW,64.35,0,0
30/01/2010 19:00,45,-21,5,1019,NW,70.16,0,0
30/01/2010 20:00,71,-19,4,1019,NW,74.18,0,0
30/01/2010 21:00,67,-19,5,1020,NW,78.2,0,0
30/01/2010 22:00,69,-19,2,1020,NW,81.33,0,0
30/01/2010 23:00,94,-18,2,1021,NW,84.46,0,0
31/01/2010 00:00,85,-18,1,1021,NW,87.59,0,0
31/01/2010 01:00,35,-18,1,1021,NW,90.72,0,0
31/01/2010 02:00,26,-16,-3,1022,NW,93.85,0,0
31/01/2010 03:00,24,-15,-2,1022,NW,95.64,0,0
31/01/2010 04:00,20,-15,0,1022,NW,99.66,0,0
31/01/2010 05:00,16,-17,1,1023,NW,105.47,0,0
31/01/2010 06:00,18,-15,0,1023,NW,109.49,0,0
31/01/2010 07:00,19,-18,0,1025,NW,113.51,0,0
31/01/2010 08:00,22,-17,0,1025,NW,116.64,0,0
31/01/2010 09:00,17,-17,2,1026,NW,120.66,0,0
31/01/2010 10:00,18,-19,3,1026,NW,129.6,0,0
31/01/2010 11:00,11,-19,4,1026,NW,138.54,0,0
31/01/2010 12:00,11,-20,5,1025,NW,145.69,0,0
31/01/2010 13:00,16,-17,5,1024,NE,4.02,0,0
31/01/2010 14:00,18,-18,6,1024,NE,7.15,0,0
31/01/2010 15:00,17,-18,6,1024,cv,0.89,0,0
31/01/2010 16:00,19,-18,5,1024,SE,1.79,0,0
31/01/2010 17:00,26,-17,4,1024,SE,3.58,0,0
31/01/2010 18:00,24,-17,1,1024,NE,1.79,0,0
31/01/2010 19:00,54,-15,-1,1025,NE,2.68,0,0
31/01/2010 20:00,71,-13,-1,1025,cv,0.89,0,0
31/01/2010 21:00,129,-8,-1,1026,SE,5.81,0,0
31/01/2010 22:00,145,-7,-2,1027,SE,10.73,0,0
31/01/2010 23:00,101,-7,-2,1027,SE,13.86,0,0
